News,Label
यूक्रेन के ख़िलाफ़ रूस कैसे प्रोपेगैंडा की लड़ाई में बढ़त बना रहा हैमार्च के शुरुआती दिनों में उस दिन सेरही स्तारुश्को और उनके पत्रकार साथियों ने अपनी सुबह की संपादकीय बैठक खत्म ही की थी कि रूसी सेना के वाहन उनके दफ्तर के बाहर आ खड़े हुए.  ,0
पहले स्वदेशी एयरक्राफ्ट की व्यावसायिक उड़ान पर मोदी सरकार का दावा कितना सच?- फ़ैक्ट चेकपिछले सप्ताह भारत के नागरिक उड्डयन मंत्री ज्योतिरादित्य सिंधिया ने ट्वीट करके स्वदेशी डोर्नियर एयरक्राफ्ट की पहली व्यावसायिक उड़ान सेवा शुरू करने की जानकारी दी. ,0
यूक्रेन की जंग के बारे में क्या दिखा रहे हैं रूसी चैनल?एक मार्च यानी मंगलवार की रात (भारतीय समयानुसार) साढ़े दस बजे रूस के टेलीविज़न पर सरकारी मीडिया जो पेश कर रहा था वो वास्तविकता से परे कवरेज़ का एक बेहतरीन उदाहरण था. ,0
COVER STORY: कैसे सिख बनकर सिखों को बदनाम करने की हुई कोशिशतीनों कृषि क़ानून वापस लेने वाले बिल को मिली मंज़ूरी.लेकिन एक नई रिपोर्ट का दावा सोशल मीडिया पर सिखों के फ़ेक प्रोफ़ाइल बनाकर किसान आंदोलन में शामिल सिख प्रदर्शनकारियों को किया गया था टारगेट और चलाई गई अपमानजनक कैंपेन.,0
"फ़ेसबुक ने 'हेट स्पीच' और 'नफ़रत वाले कंटेंट' पर चेतावनी की अनदेखी की- प्रेस रिव्यूसाल 2018 से लेकर 2020 के बीच सोशल मीडिया प्लेटफॉर्म फ़ेसबुक के भारत में संचालन को लेकर तीन आंतरिक रिपोर्टें आईं जिनमें- 'ध्रुवीकरण वाली सामग्री', 'फ़ेक और अप्रामाणिक' मैसेज से लेकर अल्पसंख्यक समुदायों को 'बदनाम' करने वाले कंटेंट की लगातार बढ़ती संख्या की बात कही गई.",0
"5G इंसानों के लिए ख़तरा, क्या सच-क्या झूठ: दुनिया जहान2020 की शुरुआत में जब कोरोना महामारी अपने पैर फैला रही थी, दुनिया के कई हिस्सों से 5जी मोबाइल टावरों पर हमलों की ख़बरें आ रही थीं.",0
पाकिस्तान का दावा- न्यूज़ीलैंड टीम को भारत से भेजी गई थी 'आतंकी हमले की धमकी'पाकिस्तान के सूचना और प्रसारण मंत्री फ़वाद चौधरी ने आरोप लगाया है कि न्यूज़ीलैंड की क्रिकेट टीम को जिस डिवाइस से धमकी भेजी गई थी उसका ताल्लुक भारत से था.,0
दीक्षा शिंदे के नासा पैनलिस्ट बनने की रिपोर्ट का सच क्या है?- फ़ैक्ट चेकबीते सप्ताह 19 अगस्त को समाचार एजेंसी एएनआई ने सिलसिलेवार ट्वीट करके दावा किया कि महाराष्ट्र के औरंगाबाद की रहने वाली 14 साल की दीक्षा शिंदे अमेरिकी स्पेस एजेंसी नासा के एमएसआई फ़ेलोशिप के वर्चुअल पैनल के लिए बतौर पैनलिस्ट चुनी गई हैं.,0
"कश्मीर: अनुच्छेद 370 ख़त्म होने के बाद कश्मीरी पंडित परिवार के घर बनवाने के दावे का सच- फ़ैक्ट चेक5 अगस्त 2021 को जम्मू-कश्मीर से अनुच्छेद 370 हटाए जाने के दो साल पूरे हो गए हैं. बीते कुछ दिनों से लोग सोशल मीडिया पर इन दो सालों में क्या बदला है, इसे लेकर तरह-तरह के दावे कर रहे हैं.",0
10 बच्चों को जन्म देने का दावा झूठा निकलादक्षिण अफ़्रीका में अधिकारियों ने कहा है कि ख़ुसियामी सिटोले नाम की महिला का दस बच्चों को एक साथ जन्म देने का दावा झूठा है. गौतेंग प्रांत के अधिकारियों ने कहा है कि राज्य के किसी भी अस्पताल में दस बच्चों के साथ जन्म लेने का कोई रिकॉर्ड नहीं है. अधिकारियों ने यहाँ तक कहा है कि ख़ुसियामी सिटोले हाल-फ़िलहाल में गर्भवती भी नहीं थीं. अब इस महिला की मेंटल हेल्थ एक्ट के तहत देखभाल की जा रही है और उसे हर मुमकिन मदद मुहैया करवाई जाएगी.,0
पश्चिम बंगाल हिंसाः सोशल मीडिया पर वायरल वीडियो और तस्वीरों का सचपश्चिम बंगाल में चुनावी नतीजों के बाद राज्य के विभिन्न हिस्सों में फैली हिंसा में सोशल मीडिया पर किए जाने वाले दावों ने भी आग में घी डालने का काम किया है. ,0
कोरोना से बचाव में सोशल मीडिया पर आई नुस्खों की बाढ़कोरोना की दूसरी लहर ने भारत के हेल्थकेयर सिस्टम को पस्त कर दिया है. बड़ी तादाद में लोगों को तुरंत इलाज की ज़रूरत पड़ रही है. ,0
वो महिलाएं जो कोरोना और वैक्सीन से जुड़ी अफ़वाहों के ख़िलाफ़ लड़ रही हैंदक्षिण अफ़्रीका में कोरोना वैक्सीन के ख़िलाफ़ भ्रामक जानकारियों से लड़ने के लिए ऑनलाइन वॉलंटियर्स की एक टीम ने कमर कस ली है. इनमें से अधिकतर महिलाएं देश के बाहर ही रहती हैं.,0
मारवा सुलेहदोर: 'मुझे स्वेज़ नहर जाम करने का ज़िम्मेदार समझा गया'बीते महीने मारवा सुलेहदोर ने कुछ अजीब देखा. ,0
किसान आंदोलन को क्या ओबामा ने समर्थन दिया है?- रिएलिटी चेककृषि क़ानूनों के ख़िलाफ़ चल रहा किसानों का विरोध प्रदर्शन ख़त्म होता नहीं दिख रहा है. किसान संगठनों और सरकार के बीच अभी तक कोई सहमति नहीं बन पाई है. ,0
पाकिस्तान को 'बदनाम' करने वाली रिपोर्ट पर भारत का जवाबएक भारतीय नेटवर्क पर पाकिस्तान के ख़िलाफ़ अंतरराष्ट्रीय स्तर पर दुष्प्रचार अभियान चलाने के 'ईयू डिसइन्फ़ोलैब' के आरोपों को भारत ने पूरी तरह ख़ारिज किया है. ,0
भारत के लिए प्रोपेगैंडा करने के अंतरराष्ट्रीय नेटवर्क में भारत की एक न्यूज़ एजेंसी का नाम आयायूरोपीय यूनियन में फ़ेक न्यूज़ पर काम करने वाले एक संगठन 'ईयू डिसइन्फ़ोलैब' ने दावा किया है कि पिछले 15 सालों से अंतरराष्ट्रीय स्तर पर एक नेटवर्क काम कर रहा है जिसका मक़सद अंतरराष्ट्रीय स्तर पर पाकिस्तान को बदनाम करना और भारत के हितों को फ़ायदा पहुँचाना है.,0
उत्तर मोज़ाम्बिक: निर्वस्त्र महिला को वर्दी पहने हथियारबंद लोगों ने गोली मारीउत्तर मोज़ाम्बिक के लड़ाई प्रभावित इलाके में लोगों के साथ कई तरह की ज़्यादतियां हुईं. एक निर्वस्त्र महिला को वर्दी पहने हथियारबंद लोगों ने गोली मार दी. ,0
अमेरिकी चुनाव: ईवीएम मशीनों के बारे में ट्रंप का दावा कितना सही?डोनाल्ड ट्रंप ने अमेरिकी चुनावों में इस्तेमाल किए जाने वाले इलेक्ट्रॉनिक वोटिंग सिस्टम की आलोचना करते हुए कहा है कि इसकी वजह से उन्हें लाखों वोटों का नुक़सान हुआ. ,0
"बराक ओबामाः ग़लत सूचनाओं से अमेरिका बँट गया है, ट्रंप ने इसे हवा दीअमेरिका के पूर्व राष्ट्रपति और डेमोक्रेट नेता बराक ओबामा ने कहा है कि अमेरिका आज चार साल पहले से भी ज़्यादा बंट गया है जब डोनाल्ड ट्रंप चुनाव जीतकर राष्ट्रपति बने थे. ",0
कपिल देव ने अपने बारे में अफ़वाह के बाद पोस्ट किया वीडियोपूर्व क्रिकेटर और भारतीय कप्तान कपिल देव अपनी सेहत को लेकर कई दिनों से चर्चा में बने हुए हैं. लेकिन सोमवार को सोशल मीडिया पर उनकी सेहत को लेकर कुछ अफ़वाहें फैलनी शुरू हुईं तो कपिल देव ने ख़ुद अपना एक वीडियो जारी किया. ,0
फ़ैक्ट चेक: संस्कृत कंप्यूटर के लिए सबसे अनुकूल भाषा है?फ़ोन और इंटरनेट तक लोगों की बढ़ती पहुंच के कारण फ़ेक न्यूज़ का बाज़ार भी बहुत बढ़ गया है. इंटरनेट पर कई मनगढंत और अपुष्ट ख़बरें चलाई जाती हैं और लोग बिना जांचे-परखे इन पर भरोसा भी कर लेते हैं. ,0
कंप्यूटर के लिए सबसे उपयुक्त भाषा क्या संस्कृत है?फ़ोन और इंटरनेट तक लोगों की बढ़ती पहुंच के कारण फ़ेक न्यूज़ का बाज़ार भी बहुत बढ़ गया है. ,0
वुसत की डायरी: भारत और पाकिस्तान में मीडिया कैसा है?आज इंटरनेट और मोबाइल फ़ोन की वजह से दुनिया के किसी भी कोने में होने वाली घटना चंद मिनटों में हम तक पहुंच जाती है. पहले ऐसा नहीं था. ,0
"अमरीका चुनाव 2020: ट्रंप के दौर में कैसे बदली दुनिया?अमरीका का राष्ट्रपति सिर्फ अपने देश का नेता नहीं होता है, बल्कि शायद वह धरती का सबसे ताक़तवर शख़्स भी होता है. अमरीकी राष्ट्रपति के फ़ैसलों का असर दुनिया भर में महसूस किया जाता है. डोनाल्ड ट्रंप भी कोई अपवाद नहीं हैं. ऐसे में यह देखना अहम है कि ट्रंप ने किस तरह से दुनिया में बदलाव किए हैं. ",0
फ़ेक न्यूज़: पाकिस्तान में गृह युद्ध छिड़ने की ख़बरें कितनी सचभारत में कई न्यूज़ वेबसाइट्स और सोशल मीडिया पर बड़े स्तर पर इस तरह की ख़बरें चल रही हैं कि पाकिस्तान के शहर कराची में गृह युद्ध छिड़ गया है.,0
नटराज की मूर्ति यूरोप के परमाणु केंद्र में क्यों रखी गई- फ़ैक्ट चेकस्विटजरलैंड और फ़्रांस की सीमा पर स्थित दुनिया के बेहतरीन वैज्ञानिक रिसर्च संस्थानों में से एक यूरोपियन ऑर्गेनाइजेशन फ़ॉर न्यूक्लियर रिसर्च (सीईआरएन) सबसे जटिल मशीनों का इस्तेमाल करता है.,0
कोरोना से जुड़ी गलतफ़हमियों का इलाज करते स्टूडेंटकोरोना वायरस से जुड़ी कई तरह की जानकारियां हमें रोज़ ही मिलती रहती हैं. इनमें से कई जानकारियां ग़लत और भ्रामक होती हैं. ,0
टीआरपी की जंग ने कैसे किया टीवी न्यूज़ का सत्यानाश?मुंबई पुलिस ने कुछ चैनलों द्वारा रेटिंग प्रणाली के साथ छेड़छाड़ करने टीआरपी बढ़ाने का भंडाफोड़ किया है. इस भंडाफोड़ ने टीआरपी यानी रेटिंग प्रणाली की खामियों को एक बार फिर से जगज़ाहिर कर दिया है.,0
टीआरपी क्या है और इसे लेकर चैनलों में इतनी मारामारी क्यों है?मुंबई पुलिस का कहना है कि उसने पैसे देकर चैनल की टीआरपी बढ़ाने की कोशिश करने वाले एक रैकेट का पर्दाफ़ाश किया है.,0
रिपब्लिक टीवी समेत तीन चैनलों पर पैसे देकर TRP बढ़ाने का आरोप: मुंबई पुलिसमुंबई पुलिस का कहना है कि उसने एक ऐसे रैकेट का पर्दाफ़ाश किया है जिसके तहत न्यूज़ चैनल पैसे देकर अपने चैनल की टीआरपी (टेलीविज़न रेटिंग प्वाइंट्स) को बढ़ाने की कोशिश करते थे.,0
मामला सुदर्शन टीवी का तो फिर निशाना डिजिटल न्यूज़ पर क्यों?पिछले दिनों केंद्र सरकार की ओर से सुप्रीम कोर्ट में डिजिटल मीडिया को नियंत्रित करने की गुहार लगाता हुआ एक शपथपत्र सुप्रीम कोर्ट में दाख़िल किया गया. इसके तुरंत बाद डिजिटल मीडिया के कटेंट को नियंत्रित करने और लोकतंत्र पर पड़ने वाले इसके असर पर बहस शुरू हो गई.,0
भारतीय सेना के कैलाश पर्वत और मानसरोवर पर क़ब्ज़ा करने के दावे का सचसोशल मीडिया पर बीते एक सप्ताह से यह दावा किया जा रहा है कि भारतीय सेना ने कैलाश पर्वत और मानसरोवर पर क़ब्ज़ा कर लिया है. इस बात को रोज़ाना सोशल मीडिया पर फ़ैलाया जा रहा है. इस ख़बर के साथ एक तस्वीर भी काफ़ी शेयर हो रही है जिसमें कहा जा रहा है कि भारतीय जवान कैलाश पर्वत पर तिरंगा फहरा रहे हैं. क्या है इस तस्वीर का सच.,0
"प्रवासी मज़दूरों के पलायन के लिए कौन ज़िम्मेदार- फ़ेक न्यूज़ या सरकारी उदासीनता""लॉकडाउन की अवधि के बारे में फ़र्ज़ी समाचारों से उत्पन्न भय के कारण बड़ी संख्या में प्रवासी कामगार का प्रवासन शुरू हो गया था और लोग, विशेषकर प्रवासी कामगार, भोजन, पेयजल, स्वास्थ्य सेवाओं और आश्रय जैसी मलूभूत आवश्यकताओं की पर्याप्त आपूर्ति के बारे में चिंतित थे. तथापि, केंद्र सरकार इस बात के प्रति सजग थी और उसने यह सुनिश्चित करने के लिए सभी आवश्यक उपाय किए कि अपरिहार्य लॉकडाउन की अवधि के दौरान कोई भी नागरिक भोजन, पेयजल, चिकित्सा सुविधाओं आदि की मूलभूत सुविधाओं से वंचित न हो.""",0
"इमरान ख़ान का ऐलान, ‘शिया शून्य’ होगा पाकिस्तान – जानें इस दावे का सच: फ़ैक्ट चेक पाकिस्तान में बीते शुक्रवार और शनिवार को कराची में धार्मिक और राजनीतिक संगठनों ने शिया विरोधी रैली निकाली. बताया जा रहा है कि शनिवार को हुई रैली में 30,000 से अधिक लोग शामिल हुए थे.",0
क्या UPSC परीक्षा में मुसलमानों को ज़्यादा मौके मिलते हैं?देश की सबसे प्रतिष्ठित परीक्षा मानी जाने वाली सिविल सर्विसेज़ से जुड़े कई ट्वीट आपने हाल के दिनों में देखे होंगे. ,0
कोरोना वायरस का इलाज है काली मिर्च- इस दावे का सच जानिए- फ़ैक्ट चेकसोशल मीडिया पर लगातार कोरोना वायरस महामारी को लेकर अलग-अलग दावे किए जाते रहे हैं. ,0
केरल के बताए जा रहे छेड़छाड़ वाले वायरल वीडियो का सच – फ़ैक्ट चेकसोशल मीडिया पर एक वीडियो काफ़ी वायरल हो रहा है जिसमें एक युवक एक लड़की से छेड़छाड़ कर रहा है और उसमें लड़की ख़ुद को छोड़ने की गुहार लगा रही है.,0
ऑल्ट न्यूज़ के सह-संस्थापक मोहम्मद ज़ुबैर देर रात ट्विटर पर ट्रेंड क्यों करने लगे?भारत में इस समय #IStandWithZubair टॉप ट्रेंड है. ,0
चीन अनाज की कमी से क्या सचमुच बड़ी मुसीबत में फँस गया है?चीनी राष्ट्रपति शी ज़िनपिंग ने इस महीने 2013 के 'क्लीन योर प्लेट कैम्पेन' का नया संस्करण लॉन्च किया है और लोगों से खाना बर्बाद न करने को कहा है. इसके अलावा उन्होंने कम खर्च को बढ़ावा देने की भी बात की है.,0
सोशल मीडिया के फ़ेक अकाउंट या बोट का पता कैसे लगाएं?सोशल मीडिया पर अक्सर ऐसे अकाउंट मिलते हैं जो असली नहीं होते बल्कि वे बोट्स होते हैं. क्या हैं ये बोट अकाउंट और कैसे इनका पता लगाएँ?,0
"बेरूत ब्लास्टः मिसाइल अटैक से परमाणु बम तक, साज़िश की ये कहानियां कैसे फैलीं?बेरूत में हुए धमाकों की शुरुआती रिपोर्टें सोशल मीडिया पर विस्फोट के कुछ ही लम्हों बाद शेयर की जानें लगी थीं.",0
कोरोना वायरस वैक्सीन से जुड़े अलग-अलग दावों की हक़ीक़तऑक्सफोर्ड यूनिवर्सिटी की ओर से कोरोना वायरस की वैक्सीन के ट्रायल को लेकर भले ही बड़ी कामयाबी मिली हो लेकिन सोशल मीडिया पर इसके बारे में कई ग़लत दावे किए जा रहे हैं. ,0
कोरोना वायरस टेस्ट कराने से मस्तिष्क पर असर पड़ सकता है?-फ़ैक्ट चेकबीते कुछ दिनों से सोशल मीडिया पर कोरोना वायरस टेस्टिंग से जुड़ी एक तस्वीर वायरल हो रही है. ,0
कोरोना वायरस के दौर में भी जारी है नफ़रत फैलाने वाली फ़ेक न्यूज़फ़ेक या भ्रामक ख़बरें उन पर असली प्रभाव डालती हैं जो ख़ुद को इसका शिकार समझते हैं. कोरोना वायरस महामारी के दौरान भारत में यह एक ख़ास समस्या है जहां समाचार के विश्वसनीय स्रोत अक्सर असत्यापित ऑनलाइन सूचनाओं के ज़रिए पीछे छूट जाते हैं.,0
कोरोना वायरस के दौर में भी जारी है नफ़रत फैलाने वाली फ़ेक न्यूज़फ़ेक या भ्रामक ख़बरें उन पर असली प्रभाव डालती हैं जो ख़ुद को इसका शिकार समझते हैं. कोरोना वायरस महामारी के दौरान भारत में यह एक ख़ास समस्या है जहां समाचार के विश्वसनीय स्रोत अक्सर असत्यापित ऑनलाइन सूचनाओं के ज़रिए पीछे छूट जाते हैं.,0
फ़र्ज़ी ख़बर के तूफ़ान में फंसने वाली पत्रकार की कहानीबीती जनवरी मैं एक दिन उत्तरी लंदन की एक डांस क्लास से बाहर निकली और मुझे अपने फ़ोन पर अफ़्रीकी नंबरों से आईं कई मिस्ड कॉल्स मिलीं. ,0
"कोरोना वायरसः फ़ेक न्यूज़ फैलाने वाले सात तरह के लोगसोशल मीडिया पर कोरोना वायरस के बारे में साज़िश की कहानियों, झूठी ख़बरों और अफ़वाहों का सैलाब उमड़ गया है. ",0
"मुसलमानों के ख़िलाफ़ भड़काने की मंशा नहीं, हम सभी भारतीय हैं: विश्व हिंदू परिषदकोरोना वायरस महामारी के समय में देश में मुसलमानों पर हमले और उन्हें अलग-थलग करने की कोशिशें बढ़ी हैं. ",0
"कोरोना काल में फ़ेक न्यूज़ से ऐसे घुल रहा है ज़हर - फ़ैक्ट चेकप्रधानमंत्री नरेंद्र मोदी ने दो दिन पहले 19 अप्रैल को ट्वीट किया था और कहा था कि कोविड-19 हमला करने से पहले नस्ल, धर्म, रंग, जाति, भाषा या सीमा को नहीं देखता है. मोदी ने आगे कहा कि इसीलिए ''हमारा जवाब और व्यवहार भी ऐसा होना चाहिए कि एकता और भाईचारे को अहमियत दी जाए.''",0
कोरोना: गर्म चाय या पानी पीने से वायरस मर सकता है?बस एक चाय की प्याली…और थकान छू मंतर…,0
कोरोना वायरस: क्या तब्लीग़ी जमात के प्रमुख मौलाना साद ने पीएम-केयर्स में 1 करोड़ रुपये दान किए- फ़ैक्ट चेककोरोना वायरस से लड़ने के लिए कई राज्य सरकारें अपने राज्य के लिए लॉकडाउन का समय बढ़ा रही हैं. लेकिन इस लॉकडाउन में जो चीज़ें लोगों तक सबसे आसानी से पहुंच रहीं हैं वो हैं फ़ेक और अप्रमाणिक जानकारियां. ,0
कोरोना वायरस: क्या इस वीडियो में दिख रहे लोग तबलीग़ के थे?- फ़ैक्ट चेकतबलीग़ी जमात के मार्च महीने में हुए धार्मिक आयोजन में शामिल लोगों में कोविड-19 के संक्रमण के बाद देश में कुल कोरोना वायरस के मरीज़ों की संख्या में तेज़ी से बढ़ी. ,0
कोरोना वायरसः इंदौर के वायरल वीडियो का सच क्या है?-फ़ैक्ट चेकदेश में कोरोना वायरस से संक्रमित लोगों की संख्या लगभग 2000 तक पहुंच चुकी है. ये संक्रमण अब तक 50 लोगों की जान ले चुका है.,0
क्या कोरोना वायरस से जुड़े पोस्ट लिखने पर सरकार सज़ा दे सकती है?-फ़ैक्ट चेकभारत में कोविड-19 का संक्रमण तेज़ी से बढ़ रहा है. मंगलवार को देश में 227 नए पॉज़िटिव केस सामने आए. ,0
"कोरोना वायरस: क्या भारतीय सेना ने रातोंरात 1000 बेड वाला अस्पताल बनाया है?- फ़ैक्ट चेककोविड-19 से संक्रमित मरीज़ों की संख्या भारत में 1,000 से ज्यादा हो चुकी है. ",0
कोरोना वायरस: टेस्ट को लेकर ट्रंप के दावों की हक़ीकत क्या है- फ़ैक्ट चेककोरोना वायरस को लेकर अमरीकी राष्ट्रपति डोनल्ड ट्रंप आए दिन नए- नए दावे कर रहे हैं. ,0
कोरोना वायरस क्या हवा से भी फैल सकता है?- फ़ैक्ट चेककोरोना वायरस से निपटना दुनियाभर के सामने सबसे बड़ी चुनौती बन चुकी है. सबसे अहम बात ये है कि ये वायरस कैसे पनपा और इसका इलाज क्या हो? ,0
कोरोना वायरस की दवा खोज लेने का ट्रंप का दावा कितना सही है? - फ़ैक्ट चेककोरोना वायरस को मानवजाति के सामने पैदा हुआ सबसे बड़ा ख़तरा माना जा रहा है. ,0
"कोरोनावायरस: ब्रूफ़ेन लेना सही है या नहीं, इससे कोई ख़तरा तो नहीं!- फ़ैक्ट चेकअगर आपकी जानकारियों का स्रोत सोशल मीडिया पर आने वाली ख़बरे हैं तो आपने भी यह सुना या पढ़ा होगा कि कोरोना वायरस संक्रमण होने पर ब्रूफ़ेन लेना ख़तरनाक हो सकता है.",0
"उठा-पटक के इस दौर में विश्वास का सवाल: बीबीसी महानिदेशक टोनी हॉलयहां आकर मुझे बहुत ख़ुशी हुई है, पिछली बार, मुझे क़रीब दो बरस पहले दिल्ली आने का मौक़ा मिला था. ",0
दिल्ली हिंसा: क्या मुसलमानों को हिंसा भड़काने के लिए पैसे बांटे गए?- फ़ैक्ट चेकउत्तर पूर्वी दिल्ली में हिंसा थमने के बाद अब कई वीडियो शेयर किए जा रहे हैं. ,0
"मध्य प्रदेश: बच्चा चोरी की अफ़वाह फैलाकर हिंसा, एक की मौतमध्य प्रदेश के धार ज़िले के मनावर में बुधवार को कुछ लोगों को बच्चा चोरी की अफ़वाह फैलाकर पीटा गया जिसकी वजह से एक व्यक्ति की मौत हो गई और पाँच अन्य गंभीर रूप से घायल हो गये. ",0
क्या 47 साल के ये शख़्स JNU छात्र हैं?- फ़ैक्ट चेकपांच जनवरी को जेएनयू में हुई हिंसा के बाद ये बहस तेज़ हो गई है कि हिंसा करने वाले नक़ाबपोश कौन थे? ,0
जामियाः क्या दिल्ली पुलिस ने लगाई डीटीसी बस में आग?-फ़ैक्ट चेकदिल्ली के जामिया मिल्लिया इस्लामिया विश्वविद्यालय में नागरिकता संशोधन क़ानून को लेकर रविवार को हुए हिंसक प्रदर्शन का एक वीडियो वायरल हो रहा है.,0
क्या रोहिंग्या और कांग्रेस के बीच कोई कनेक्शन है- फ़ैक्ट चेकसोशल मीडिया पर पिछले पांच-छह दिनों से एक मैसेज चर्चा में है. इस मैसेज में दावा है कि ''जब देश में कांग्रेस की सरकार आएगी तो रोहिंग्या मुसलमान हिंदुओं का सफाया करेंगे.'',0
कैसे दिल्ली के श्रीवास्तव ग्रुप के विदेश में पाकिस्तान विरोधी प्रचार से जुड़े हैं तारः फ़ैक्ट चेकयूरोप के एक ग़ैर सरकारी फ़ैक्ट चेक एनजीओ ईयू डिसइंफ़ो लैब का दावा है कि एक भारतीय नेटवर्क दुनिया के 65 देशों में 265 'फ़ेक मीडिया आउटलेट' के ज़रिए पाकिस्तान विरोधी प्रोपेगैंडा फ़ैलाने का काम कर रहा है. इन सभी 'फ़ेक मीडिया आउटलेट्स' के तार दिल्ली के श्रीवास्तव ग्रुप से जुड़े हुए हैं.,0
"क्या भारत वाक़ई बना खुले में शौच मुक्त देश? पीएम मोदी के दावे की सच्चाई: ग्राउंड रिपोर्टमहात्मा गांधी की 150वीं जयंती पर प्रधानमंत्री नरेंद्र मोदी ने गुजरात के साबरमती आश्रम से यह ऐलान किया कि 'ग्रामीण भारत ने, वहाँ के गाँवों ने ख़ुद को खुले में शौच से मुक्त घोषित कर दिया है'.",0
क्या नौ बैंकों के बंद होने की अफ़वाह आपने भी सुनी? जानें सचसुप्रीम कोर्ट के हवाले से सोशल मीडिया पर यह अफ़वाह फ़ैलाई जा रही है कि 'रिज़र्व बैंक ऑफ़ इंडिया जल्द ही नौ बैंकों को ताला लगाने वाला है.',0
"प्रधानमंत्री मोदी के ख़िलाफ़ अमरीका में हुई नारेबाज़ी का फ़र्ज़ी वीडियोसड़कों पर प्रदर्शन करती उग्र भीड़ का एक वीडियो सोशल मीडिया पर इस दावे के साथ शेयर किया जा रहा है कि 'अमरीका में पीएम नरेंद्र मोदी के ख़िलाफ़ जमकर नारेबाज़ी हुई, पर मीडिया ने इसे नहीं दिखाया'.",0
नेहरू और इंदिरा गांधी की इस वायरल तस्वीर का सच क्या है? फ़ैक्ट चेककांग्रेस पार्टी के सांसद शशि थरूर द्वारा ट्वीट की गई पूर्व प्रधानमंत्री जवाहर लाल नेहरू और इंदिरा गांधी की एक तस्वीर सोशल मीडिया पर वायरल हो गई है.,0
क्या यूपी को इन तीन हिस्सों में तोड़ने वाली है सरकार? फ़ैक्ट चेकसोशल मीडिया पर उत्तर प्रदेश के ज़िला मुख्यालयों की एक लिस्ट इस दावे के साथ शेयर की जा रही है कि 'सरकार ने यूपी के बंटवारे का मसौदा तैयार कर लिया है'.,0
बीजेपी नेता मनोज तिवारी के लिए दिल्ली में एंबुलेंस रोके रखने की सच्चाई: फ़ैक्ट चेकट्रैफ़िक के बीच खड़ी एक एंबुलेंस का वीडियो सोशल मीडिया पर इस दावे के साथ शेयर किया जा रहा है कि 'दिल्ली के किसी बड़े नेता के लिए पुलिस ने एंबुलेंस को नाके पर रोके रखा जिसमें एक बच्ची ज़िंदगी और मौत से लड़ रही थी'.,0
मोदी को मिला '500 रुपये का गिफ़्ट' क्या 11 करोड़ में नीलाम हुआ?प्रधानमंत्री नरेंद्र मोदी को मिले उपहारों की नीलामी के बारे में सोशल मीडिया पर यह दावा किया जा रहा है कि 'पीएम मोदी को मिला 500 रुपये का एक गमछा (अंगवस्त्र) 11 करोड़ रुपये में नीलाम हुआ है और नीलामी से मिले पैसे को प्रधानमंत्री राहत कोष में दान कर दिया गया है.',0
स्विस बैंक खाताधारकों की फ़र्ज़ी सूची बीबीसी के नाम पर वायरलबीबीसी के हवाले से स्विस बैंक खाताधारकों की एक फ़र्ज़ी सूची सोशल मीडिया पर शेयर की जा रही है जिसकी बीबीसी पुष्टि नहीं करता है.,0
चालान के लिए यूपी पुलिस के मारपीट करने का सचउत्तर प्रदेश के दो पुलिसकर्मियों के हाथों एक आदमी की उसके बच्चे के सामने पिटाई का वीडियो सोशल मीडिया पर खूब शेयर किया जा रहा है. ,0
ज़ायरा वसीम की फ़िल्म इंडस्ट्री में वापसी का सच: फ़ैक्ट चेक'दंगल' फ़िल्म के लिए 'बेस्ट सपोर्टिंग एक्टर' का राष्ट्रीय फ़िल्म पुरस्कार जीत चुकीं ज़ायरा वसीम के बारे में सोशल मीडिया पर यह दावा किया जा रहा है कि 'ज़ायरा ने फ़िल्म इंडस्ट्री फिर से जॉइन कर ली है और फ़िलहाल वो अपनी फ़िल्म 'द स्काय इज़ पिंक' के प्रमोशन में लगी हुई हैं. जबकि कुछ महीने पहले ही उन्होंने अपने धर्म और अल्लाह के लिए फ़िल्मी दुनिया छोड़ने का ऐलान किया था'.,0
कारों की बिक्री कम होने में OLA-UBER का कितना असर? फ़ैक्ट चेकभारत की वित्त मंत्री निर्मला सीतारमण ने ओला और उबर जैसी कैब सेवाओं को ऑटो सेक्टर में चल रही गिरावट के मुख्य कारणों में से एक बताया है.,0
चंद्रयान 2: इसरो के ‘विक्रम लैंडर’ की इस तस्वीर का सचअंतरिक्ष से खींची गई चंद्रमा के सतह की एक फ़ोटो सोशल मीडिया पर इसरो द्वारा भेजे गए 'विक्रम लैंडर' की बताकर शेयर की जा रही है.,0
चंद्रयान 2: इसरो चीफ़ के सिवन को क्या पीएम मोदी ने कैमरा देखकर दी थी सांत्वना?भारत के प्रधानमंत्री नरेंद्र मोदी और इसरो चीफ़ के सिवन का एक वीडियो सोशल मीडिया पर इस दावे के साथ शेयर किया जा रहा है कि 'सिवन ने जब पीएम मोदी को विक्रम लैंडर के गुम होने की सूचना दी तो मोदी ने ना उन्हें गले लगाया और ना ही सांत्वना दी. लेकिन जब दोनों कैंमरे के सामने आये तो रोना-धोना किया गया'.,0
रवीश कुमार के लिए क्या 2013 में अच्छी थी 5% जीडीपी?वरिष्ठ पत्रकार रवीश कुमार का एक वीडियो सोशल मीडिया पर इस दावे के साथ वायरल हो रहा है कि 'साल 2013 में जब भारत की जीडीपी दर पाँच फ़ीसदी तक गिर गई थी और देश में कांग्रेस की सरकार थी तो उन्होंने इसे चिंता का विषय मानने से इनकार कर दिया था. जबकि 2019 में जीडीपी रेट पाँच फ़ीसदी होने पर वो भारत को मंदी की चपेट में बता रहे हैं.',0
"बच्चा चोरी की अफ़वाहें, फ़ेक वीडियो, 'मारो-मारो' का शोर और होती मौतें...झारखंड की राजधानी से सटे रामगढ़ ज़िले में बच्चा चोर समझकर पीटे गये एक शख़्स की बुधवार शाम मौत हो गई. ",0
पाकिस्तान सरकार ने कश्मीर तनाव पर ट्वीट की कठुआ रेप पीड़िता की तस्वीरपाकिस्तान सरकार ने 'कठुआ गैंग रेप और मर्डर केस' की पीड़ित बच्ची की तस्वीर इस्तेमाल कर ये अपील की है कि भारत प्रशासित कश्मीर में हो रहे नरसंहार को रोकने के लिए अंतरराष्ट्रीय समुदाय कुछ क़दम उठाये.,0
क्या कश्मीर से अनुच्छेद-370 हटाये जाने के बाद की है ये तस्वीर? फ़ैक्ट चेकहाथ और सिर पर पट्टी बांधे खड़े कुछ बच्चों की तस्वीरें बीबीसी न्यूज़ हिन्दी के हवाले से सोशल मीडिया पर शेयर की जा रही हैं.,0
दिल्ली में ‘मॉब लिचिंग’ के वायरल वीडियो की सच्चाई: फ़ैक्ट चेकएक लड़के की पिटाई का वीडियो सोशल मीडिया पर 'दिल्ली में धार्मिक-उन्मादी भीड़ द्वारा की गई मॉब लिंचिंग' का बताकर शेयर किया जा रहा है.,0
बंगाल सरकार भी बनाएगी भीड़ हत्या के ख़िलाफ़ क़ानूनराजस्थान और मणिपुर के बाद अब पश्चिम बंगाल की ममता बनर्जी सरकार भी भीड़ के हाथों पिटाई और हत्या की बढ़ती घटनाओं पर अंकुश लगाने के लिए एक नया क़ानून बनाएगी.,0
"चाचा को भीड़ ने 'बच्चा चोर' समझ लिंच कियाबच्चा चोर-बच्चा चोर और मारो-मारो का शोर मचाती भीड़, ज़मीन पर गिरे दो बेबस लोग, हर ओर से पड़ते लात घूंसे और लाठी डंडे और इसके बीच मोबाइल से वीडियो बनाते लोग. ",0
रविदास मंदिर: दिल्ली में हुए दलित प्रोटेस्ट की इन वायरल तस्वीरों का सचदिल्ली के तुग़लक़ाबाद इलाक़े में गुरु रविदास मंदिर गिराये जाने के ख़िलाफ़ कई दलित संगठनों ने नई दिल्ली के रामलीला मैदान में एक विशाल प्रदर्शन किया था. ,0
भारतीय रुपया क्या बांग्लादेशी टका से भी पिछड़ा? फ़ैक्ट चेकभारतीय रुपये के बारे में सोशल मीडिया पर लोगों का एक तबक़ा यह दावा कर रहा है कि बांग्लादेशी करेंसी 'टका' की तुलना में 'रुपया' कमज़ोर हो गया है.,0
कश्मीर के नाम पर पाकिस्तान में वायरल फ़र्ज़ी ख़बरों का सच: फ़ैक्ट चेकपाकिस्तान के केंद्रीय मंत्री अली हैदर ज़ैदी ने सोशल मीडिया पर पुलिस लाठीचार्ज का एक वीडियो इस दावे के साथ शेयर किया है कि ये वीडियो भारत प्रशासित कश्मीर का है.,0
क्या अनुच्छेद-370 पर पत्रकारों से भिड़े पाकिस्तान के पीएम इमरान ख़ान? फ़ैक्ट चेकपाकिस्तान के प्रधानमंत्री इमरान ख़ान का एक वीडियो सोशल मीडिया पर इस दावे के साथ शेयर किया जा रहा है कि 'जम्मू-कश्मीर के मसले पर किसी भी देश का समर्थन ना मिलने पर इमरान भड़के हुए हैं. इसी वजह से उन्होंने मीडिया के लोगों के साथ बदसलूकी की'.,0
हार्ड कौर पर 'मोदी-भक्त' के हमला करने का सच: फ़ैक्ट चेकब्रिटेन में रहने वालीं पंजाबी रैपर हार्ड कौर की दो तस्वीरें सोशल मीडिया पर इस दावे के साथ शेयर की जा रही हैं कि 'पीएम मोदी और भारत के गृह मंत्री अमित शाह के ख़िलाफ़ बयानबाज़ी करने पर किसी बीजेपी प्रशंसक ने उनपर हमला कर दिया है.',0
370 का विरोध करने पर 'अखिलेश की गिरफ़्तारी' का सच: फ़ैक्ट चेकसोशल मीडिया पर उत्तर प्रदेश के पूर्व मुख्यमंत्री अखिलेश यादव का एक वीडियो इस दावे के साथ शेयर किया जा रहा हैं कि 'धारा-370 हटाए जाने के ख़िलाफ़ प्रदर्शन करने पर यूपी पुलिस ने उन्हें हिरासत में लिया और थाने ले गई'.,0
"अनुच्छेद-370 के समर्थन में कश्मीरी मुसलमानों के जुलूस निकालने का सच: फ़ैक्ट चेकसोशल मीडिया पर एक वीडियो इस दावे के साथ शेयर किया जा रहा है कि 'जब कश्मीर में एक घंटे के लिए कर्फ़्यू में ढील दी गई, तो कुछ लोगों ने सड़कों पर आकर अनुच्छेद-370 हटाए जाने का समर्थन किया'.",0
कश्मीर: अनुच्छेद 370 को लेकर किए जा रहे दावों की पड़तालप्रधानमंत्री नरेंद्र मोदी की सरकार ने भारतीय संविधान के अनुच्छेद-370 के तहत जम्मू-कश्मीर को प्राप्त 'विशेष राज्य का दर्जा' समाप्त कर दिया है.,0
कश्मीर: ‘विरोध का प्रतीक’ बनी इस वायरल तस्वीर की पूरी कहानीसोशल मीडिया पर कश्मीर के एक स्कूली बच्चे की यह तस्वीर वायरल हो गई है.,0
कश्मीरी घरों में सेना के आग लगाने का सच: फ़ैक्ट चेकसोशल मीडिया पर कुछ जलते हुए मकानों का एक वीडियो इस दावे के साथ शेयर किया जा रहा है कि भारतीय सेना ने भारत प्रशासित कश्मीर के बांदीपुरा इलाक़े में लोगों के घरों में आग लगा दी है.,0
कश्मीर: भारतीय सैनिक की इस वायरल तस्वीर का पूरा सचदक्षिणपंथी रुझान वाले कई बड़े फ़ेसबुक ग्रुप्स में इस तस्वीर को जम्मू-कश्मीर में अमरनाथ यात्रा रोके जाने के बाद कथित तौर पर शुरू हुई आक्रामक सैन्य कार्रवाई का प्रतीक बताया गया है.,0
क्या 'जय श्री राम' ना बोलने पर हुई अब्दुल ख़ालिक़ की हत्या?: ग्राउंड रिपोर्टसोशल मीडिया पर जली हुई हालत में अपनी तहरीर देते एक मुस्लिम युवक का वीडियो इस दावे के साथ शेयर किया जा रहा है कि 'जय श्री राम का नारा नहीं लगाने पर एक उन्मादी गुंडों ने इस लड़के पर तेल छिड़ककर आग लगा दी'.,0
कांवड़ यात्रा: मुस्लिम लड़कियों के शिव मंदिर में जल चढ़ाने का सचसोशल मीडिया पर बुर्क़ा पहने हुए कांवड़ लेकर जातीं कुछ महिलाओं का एक वीडियो इस दावे के साथ शेयर किया जा रहा है कि 'हलाला और तलाक़ से बचने के लिए कुछ मुस्लिम महिलाओं ने झारखंड के देवघर स्थित प्राचीन शिव मंदिर में जल चढ़ाया'.,0
क्या ये ‘लव-जिहाद’ का शिकार हुई लड़की की तस्वीर है? फ़ैक्ट चेकदक्षिणपंथी रुझान वाले कई बड़े फ़ेसबुक ग्रुप्स में तीन लड़कियों की एक तस्वीर बेहद भ्रामक दावे के साथ शेयर की जा रही है.,0
"क्या पैसे की तंगी में ISRO बैलगाड़ी पर ले गया था ये सैटेलाइट? फ़ैक्ट चेकसोशल मीडिया पर दो तस्वीरें इस दावे के साथ शेयर की जा रही हैं कि ""जब भारत की स्पेस एजेंसी इसरो आर्थिक तंगी में थी, तब प्रधानमंत्री इंदिरा गांधी का परिवार देश का धन लुटा रहा था.""",0
असदउद्दीन ओवैसी ने इंडिया गेट के सारे 'नंबर' ग़लत बताए? फ़ैक्ट चेकसोशल मीडिया पर ये दावा किया जा रहा है कि 'दिल्ली स्थित इंडिया गेट पर भारत की आज़ादी के लिए अपनी जान गंवाने वाले लोगों के नाम लिखे हुए हैं जिनमें से 65 फ़ीसदी नाम हिन्दुस्तान के मुसलमानों के हैं'.,0
फ़ैक्ट चेक: टीम फ़ोटो के समय रवि शास्त्री की कुर्सी के नीचे शराब की बोतल थी?सोशल मीडिया पर भारतीय क्रिकेट टीम के हेड कोच रवि शास्त्री की एक तस्वीर शेयर की जा रही है जिसमें उनकी कुर्सी के नीचे एक शराब की बोतल रखी हुई दिखती है.,0
राहुल गांधी ने ट्वीट कीं बिहार और असम बाढ़ की पुरानी तस्वीरें: फ़ैक्ट चेककांग्रेस पार्टी के पूर्व अध्यक्ष राहुल गांधी ने मंगलवार सुबह बिहार और असम राज्य के कई ज़िलों में आई बाढ़ को लेकर पार्टी कार्यकर्ताओं से एक अपील की और साथ ही बाढ़ की कुछ तस्वीरें ट्वीट कीं.,0
"हौज काजी मंदिर विवाद से पुरानी दिल्ली में क्या बदला? फ़ैक्ट चेकचावड़ी बाज़ार चौराहे से हौज़ क़ाज़ी होते हुए लाल कुआँ बाज़ार तक पहुँचने वाली मेन सड़क, कंधे से कंधा छूकर गुज़रने वाली भीड़, तरह-तरह की आवाज़ें और बाज़ार की अपनी मुख़्तलिफ़ गंध. यहाँ रहने वाले कहते हैं- ये इस बाज़ार का आम नज़ारा है.",0
किसान को पीटते अफ़सर के वायरल वीडियो का सचसोशल मीडिया पर एक आदमी को पीटे जाने का वीडियो इस दावे के साथ फैलाया जा रहा है कि 'एसडीएम स्तर के एक अधिकारी ने एक किसान को अपने ऑफ़िस में पीटा'.,0
मंदिर के बाहर ‘फ़ायरिंग’ और मेरठ से ‘हिंदुओं के पलायन’ का सच: फ़ैक्ट चेकसीसीटीवी कैमरे में रिकॉर्ड हुई क़रीब 7 सेकेंड की एक फ़ुटेज सोशल मीडिया पर इस दावे के साथ शेयर की जा रही है कि उत्तर प्रदेश के मेरठ शहर में बाइक सवार दो आदमियों ने एक हिन्दू मंदिर के बाहर फ़ायरिंग की.,0
क्या है दिल्ली के मंदिर में हुई तोड़ फोड़ का पूरा सच? फ़ैक्ट चेकसोशल मीडिया पर एक खंडित मंदिर के कुछ वीडियो और तस्वीरें इस दावे के साथ शेयर किये जा रहे हैं कि 'पुरानी दिल्ली में एक भीड़ ने प्राचीन हिन्दू मंदिर में तोड़ फोड़ की और मूर्तियों को खंडित कर दिया है'.,0
"‘ज़ख़्मी बहन और रोता भाई’, क्या है इस वायरल वीडियो का सच? फ़ैक्ट चेकबीते चार दिनों में सोशल मीडिया पर एक वीडियो 15 लाख से ज़्यादा बार देखा जा चुका है जिसे उत्तर प्रदेश की राजधानी लखनऊ का बताया जा रहा है और साथ ही दावा किया जा रहा है कि चार मुस्लिम युवकों ने एक हिंदू लड़की के रेप की कोशिश की जिसे उसके भाई ने लड़-भिड़कर बचा लिया.",0
"'बीबीसी के नाम' पर वायरल की जा रही रोहिंग्या तस्वीर ग़लत: फैक्ट चेकदावाः सोशल मीडिया (फेसबुक, ट्विटर, व्हाट्सऐप) पर रोहिंग्या बताई जा रही एक बच्ची की तस्वीर शेयर करके दावा किया जा रहा है कि इस बच्ची ने 54 साल के व्यक्ति से शादी की है और कम उम्र में ही दो बच्चों को जन्म दे दिया है.",0
'मोदी के गुरु' संभाजी भिड़े के नासा विज्ञानी होने का सचदावाः संभाजी भिड़े नासा की सलाहकार समिति में काम करते थे और उन्हें विज्ञान के क्षेत्र में 100 से ज़्यादा सम्मान मिल चुके हैं. संभाजी भिड़े एटॉमिक फिजिक्स में गोल्ड मेडलिस्ट हैं.,0
