Heading,News,Label
"बिहार पेपर लीक मामला: अगले तीन महीने में हो सकती है दोबारा परीक्षा, बीपीएससी ने बताया",बिहार लोकसेवा आयोग ने मंगलवार को बताया है कि अगले तीन महीने के अंदर बीपीएससी की परीक्षा दोबारा आयोजित कराई जा सकती है. ,1
जापान के प्रधानमंत्री का यह बयान क्या भारत के लिए चिंता बढ़ाने वाला है?,रूस के यूक्रेन पर हमले के बाद से ही ये आशंका ज़ाहिर की जा रही है कि चीन भी ताइवान पर इसी तरह की कार्रवाई को अंजाम दे सकता है.,1
रूस यूक्रेन में मातृभूमि की खातिर लड़ रहा है: पुतिन,रूस के राष्ट्रपति व्लादिमीर पुतिन ने विक्ट्री डे के मौके पर अपने भाषण में कहा है कि रूस यूक्रेन में मातृभूमि की खातिर लड़ रहा है.,1
राजस्थान: मंत्री के शादीशुदा बेटे पर मीडियाकर्मी ने लगाए रेप के आरोप,राजस्थान के जल संसाधन मंत्री महेश जोशी के बेटे रोहित जोशी के ख़िलाफ़ बलात्कार के आरोप में दिल्ली में ज़ीरो एफ़आईआर दर्ज की गई है.,1
भारत की नागरिकता न मिलने पर सैकड़ों पाकिस्तानी हिंदू वापस लौटे- प्रेस रिव्यू,भारत की नागरिकता पाने के मक़सद से राजस्थान में रह रहे करीब 800 पाकिस्तानी हिंदू साल 2021 में आसपास के देशों में लौट गए. ,1
झारखंड में IAS पूजा सिंघल को लेकर सियासी उबाल,कभी 21 साल की उम्र में सिविल सेवा परीक्षा पास करने वाली भारतीय प्रशासनिक सेवा (आइएएस) की अधिकारी पूजा सिंघल अपने 22 साल के करियर के सबसे मुश्किल दिनों से गुजर रही हैं. ,1
कश्मीर के कबाब दुकानदार की तस्वीर ने जीता अंतरराष्ट्रीय पुरस्कार, भारत में तंदूर पर कबाब बनाते एक दुकानदार की तस्वीर ने खाने से जुड़ी तस्वीरों की एक प्रतिष्ठित प्रतियोगिता में पहला पुरस्कार हासिल किया है. ,1
"रणबीर और आलिया की शादी में कौन-कौन हुए शरीक, तस्वीरों में देखें",रणबीर और आलिया की शादी आखिरकार हो ही गई है. आज का दिन सिर्फ़ रणबीर कपूर और अभिनेत्री आलिया भट्ट के लिए ही ख़ास नहीं है बल्कि इस दिन का इंतज़ार उनके लाखों चाहने वालों और पूरी इंडस्ट्री को भी था. ,1
यूक्रेन में जंग के बीच रूस का शक्ति प्रदर्शन,रूस में विक्ट्री डे के मौके पर माना जा रहा था कि राष्ट्रपति पुतिन कोई बड़ा एलान कर सकते हैं. ,1
श्रीलंका के प्रधानमंत्री महिंदा राजपक्षे ने दिया इस्तीफ़ा,श्रीलंका में सरकार के ख़िलाफ़ भारी प्रदर्शनों के बीच प्रधानमंत्री महिंदा राजपक्षे ने इस्तीफ़ा दे दिया है. ,1
पाकिस्तान में गर्मी में बाढ़ के हालात,"पाकिस्तान में इस बार गर्मियों में लू बीते वर्षों के मुकाबले समय से पहले चलने लगी है. इसकी वजह से एक ओर पाकिस्तान में लोग गर्मी की मार झेल रहे हैं, और दूसरी ओर हिमालयी क्षेत्र में ग्लेशियर पिघलने लगे हैं. इस वजह से वहां बाढ़ के हालात बन रहे हैं.",1
"शाहीन बाग़ में पहुंचा बुलडोज़र, दिल्ली की सियासत गरमाई",दिल्ली के शाहीन बाग़ में सोमवार को दिल्ली नगर निगम का बुलडोज़र पहुंचा. इसके विरोध में लोग सड़क पर उतर आए. ,1
हैदराबाद: नागराजू और आशरीन सुल्ताना की मोहब्बत की कहानी,हैदराबाद से 80 किलोमीटर दूर  नागराजू के गांव में आशरीन पहली बार आयी हैं. सपना तो नागराजू के साथ यहां आने का था जो अब कभी पूरा नहीं हो पाएगा. ,1
BPSC पेपर लीक: बिहार लोक सेवा आयोग की परीक्षा रद्द होने पर बिहार के नौजवान क्या बोले?,रविवार को आयोजित की गई बिहार लोक सेवा आयोग की 67वीं संयुक्त प्रारंभिक प्रतियोगिता परीक्षा रद्द कर दी गई है. ,1
हैदराबाद की रहने वाली क्रांति दास से आप बहुत कुछ सीख सकते हैं,हैदराबाद की रहने वाली क्रांति दास हर हफ्ते अपना सिर मुंडवा लेती हैं. उनका कहना है कि वो जहां भी जाती हैं तो लोग उनसे पूछते हैं कि क्या आपने अपने बाल भगवान को चढ़ाए हैं? ,1
धरती का वो ख़ज़ाना जिसके लिए भविष्य में छिड़ सकती है जंग,तेल और गैस इस समय पूरी दुनिया में कई विवादों की वजह बना हुआ है लेकिन आने वाले समय में ये होड़ कुछ और खनिजों के लिए भी हो सकती है. ,1
यूक्रेन में जंग से चीन को नुक़सान या फ़ायदा,"फ़रवरी से शुरू हुए यूक्रेन संकट में अमेरिका-ब्रिटेन, यूरोपीय संघ और रूस की भूमिका क्या रहेगी इसका जवाब सभी के पास था. ",1
जम्मू-कश्मीर में परिसीमन से होने वाले बदलाव और असर को जानिए,चुनाव आयोग ने जम्मू और कश्मीर को लेकर गठित परिसीमन आयोग की रिपोर्ट के बाद विधानसभा और लोकसभा सीटों को लेकर नोटिफ़िकेशन जारी कर दिया है. ,1
"तेजिंदर सिंह बग्गा: पहले पंजाब पुलिस ने गिरफ़्तार किया, फिर दिल्ली पुलिस वापस लेकर आई",दिल्ली बीजेपी के प्रवक्ता तेजिंदर सिंह बग्गा को दिल्ली पुलिस कुरुक्षेत्र से वापस लेकर आ गई है. पंजाब पुलिस ने उन्हें उनके दिल्ली स्थित घर से शुक्रवार को गिरफ़्तार किया था. 1 अप्रैल को तेजिंदर पाल सिंह बग्गा के ख़िलाफ़ पंजाब में प्राथमिकी दर्ज कराई थी जिसके बाद ये गिरफ़्तारी हुई थी.,1
मध्य प्रदेशः आदिवासियों की 'मॉब लिंचिंग' मामले में बजरंग दल का नाम क्यों आ रहा - ग्राउंड रिपोर्ट,मध्य प्रदेश सरकार ने सिवनी ज़िले में 'मॉब लिंचिंग' यानी भीड़ के हाथों मारे गए दो आदिवासियों के परिजनों को एक-एक नौकरी और आठ लाख 25 हज़ार रूपए बतौर मुआवज़ा देने की घोषणा की है. इसके अलावा घटना में घायल व्यक्ति को भी मुआवज़ा देने की घोषणा की गई है.,1
"राजस्थान: अशोक गहलोत के घर के पास उन्माद, क्या है चुनावी बिसात?",एक महीने के अंतराल में राजस्थान में दो अलग-अलग जगह साम्प्रदायिक हिंसा हुई. ,1
यूक्रेन युद्ध के बाद रूसी नागरिक दुबई क्यों जा रहे हैं,यूक्रेन युद्ध के बाद रूस पर लगे आर्थिक प्रतिबंधों से जूझते रूसी अरबपतियों के लिए दुबई एक जन्नत के रूप में उभर रहा है. ,1
"पुतिन की सबसे ख़ास बैंकर एलवीरा नबीउल्लीना, जो अपने कपड़ों से बता देती हैं 'मन की बात'",वो 20 साल से व्लादिमीर पुतिन के साथ हैं.,1
यूक्रेन पर हमले से ठीक पहले पुतिन और जिनपिंग के बीच हुई थी ये डील,रूस और यूक्रेन के बीच युद्ध शुरू हुए दो महीने से ज़्यादा का समय बीत चुका है. इस बीच ब्रिटेन और अमेरिका समेत कई पश्चिमी देशों ने रूस पर कड़े आर्थिक प्रतिबंध लगाए हैं. ,1
रिंकू सिंह: अलीगढ़ में पोछा लगाने की नौकरी से IPL में पहुँचने तक,"आम तौर पर लोग जीवन में या फिर काम धंधों में विकल्पों की बात करते हैं, लेकिन जिनके पास कोई विकल्प नहीं होता वे क्या करते हैं? ",1
रवींद्र जडेजा के कप्तानी छोड़ने और अपनी वापसी पर खुलकर बोले धोनी,रविवार को आईपीएल में दो मैच खेले गए. दोनों में ख़ूब चौके छक्के लगे. बड़ा स्कोर बना. ,1
एलन मस्क की टेस्ला 15 सालों में कैसे दुनिया की टॉप कंपनियों में हुई शामिल?,टेस्ला के मालिक एलन मस्क सोशल मीडिया कंपनी ट्विटर खरीदना चाहते हैं और इस कारण लगातार सुर्खियों में बने हुए है. इसके लिए उन्होंने 43 अरब डॉलर की पेशकश की है. ,1
अरुण लाल: 66 की उम्र में शादी कर रहे पूर्व क्रिकेटर की होने वाली दुल्हन कौन हैं,पूर्व क्रिकेटर और बंगाल क्रिकेट टीम के कोच अरुण लाल 66 साल की उम्र में अपने वैवाहिक जीवन की दूसरी पारी शुरू करने वाले हैं. ,1
हनुमान चालीसा विवादः क्या नवनीत राणा बीजेपी और शिवसेना के लिए राजनीतिक मोहरा हैं?,मुंबई के एक सेशन कोर्ट ने बीते मंगलवार नवनीत राणा और रवि राणा की ज़मानत याचिका पर मुंबई पुलिस को 29 अप्रैल तक अपना जवाब दाखिल करने को कहा है. अमरावती से सांसद नवनीत राणा और बडनेरा से विधायक उनके पति रवि राणा ने कुछ दिन पहले महाराष्ट्र के मुख्यमंत्री उद्धव ठाकरे के निजी आवास मातोश्री के सामने हनुमान चालीसा पढ़ने का एलान किया था. ,1
आज का कार्टून: पौराणिक पार्किंग,"(बीबीसी हिन्दी के एंड्रॉएड ऐप के लिए आप यहां क्लिक कर सकते हैं. आप हमें फ़ेसबुक, ट्विटर, इंस्टाग्राम और यूट्यूब पर फ़ॉलो भी कर सकते हैं.)",1
"चीन ने की इस छोटे से देश से डील, उड़ी अमेरिका, ऑस्ट्रेलिया, न्यूज़ीलैंड की नींद","चीन ने सोलोमन आइलैंड्स के साथ एक सुरक्षा समझौता किया है जिसे लेकर ऑस्ट्रेलिया, न्यूज़ीलैंड और अमेरिका ने चिंता प्रकट की है. ",1
इस शहर की सड़कों पर क्यों दिखाई देने लगे हैं मगरमच्छ,अगर आप घर से कहीं जाने के लिए निकलें हों और रास्ते में आपको मगरमच्छ दिख जाए तो... ब्राज़ील के रियो डी जेनेरो में तब लोगों के होश उड़ गए जब उन्हें बस टर्मिनल पर घूमता हुआ एक मगरमच्छ दिखा. ,1
लियाक़त-नेहरू समझौता: जब पाकिस्तान और भारत ने अल्पसंख्यकों की रक्षा की ठानी,"""साल 1947 में ब्रिटिश भारत के विभाजन से पहले, 30 प्रतिशत से भी अधिक मुस्लिम आबादी वाले पश्चिम बंगाल का प्रमुख शहर कलकत्ता (कोलकाता), उतना ही मुसलमानों का शहर था जितना हिन्दुओं का था.""",1
मुगल सम्राट अकबर या गौड़ हिंदू राजा शशांक: किसने की थी बांग्ला कैलेंडर की शुरुआत,आरएसएस और उसके सहयोगी संगठनों ने पश्चिम बंगाल में इस आशय का एक जोरदार प्रचार और 'जागरूकता अभियान' शुरू किया है कि मुगल सम्राट अकबर नहीं बल्कि गौड़ राजवंश के प्राचीन हिंदू राजा शशांक ने बांग्ला वर्ष या 'बांग्ला कैलंडर' की शुरुआत की थी.,1
नरेंद्र मोदी के यूरोप दौरे को विश्लेषक कैसे देख रहे हैं?,प्रधानमंत्री नरेंद्र मोदी तीन दिवसीय यूरोप दौरे के बाद देश लौट आए हैं. भारत के विदेश मंत्रालय ने कहा है कि प्रधानमंत्री के इस दौरे से यूरोप के साथ सहयोग की भावना मज़बूत हुई है.,1
"तेजिंदर बग्गा की गिरफ़्तारी में कैसे उलझीं पंजाब, हरियाणा और दिल्ली पुलिस- पूरा घटनाक्रम",दिल्ली बीजेपी के नेता तेजिंदर पाल सिंह बग्गा की गिरफ़्तारी को लेकर तीन राज्यों की पुलिस उलझ गई है.,1
"इंडिगो मामलाः विकलांग बच्चे के पिता ने बताया, क्या हुआ था रांची एयरपोर्ट पर","""वो 7 मई की शाम थी. मैं बोकारो में रह रही अपनी 76 साल की कैंसर पीड़िता मां से मिलकर हैदराबाद की फ्लाइट लेने रांची एयरपोर्ट पहुंचा था. मेरे साथ मेरी पत्नी अपर्णा और 12 साल का बेटा अर्णब भी थे. अर्णब डिफरेंटली एबल्ड बच्चा है. इसलिए हमें उसका ख़ास ख़्याल रखना होता है. वो कम बोलता है, चल नहीं पाता, आँखों की रोशनी भी कम है.""",1
BPSC की परीक्षा रद्द होने का दर्द इन लड़कियों से समझिए,"'मैं बीपीएससी परीक्षा को लेकर आवेदन के समय से ही बहुत उत्साहित थी, लेकिन इस लीक से मुझे धक्का लगा. मेरा भरोसा टूट गया है कि अब मैं इस परीक्षा को मेधा के दम पर पास भी कर सकती हूँ या नहीं.'' ",1
"श्रीलंका में अराजक स्थिति, हिंसक विरोध-प्रदर्शन",भारत के पड़ोसी देश श्रीलंका में हालात काबू में आने की बजाए और ख़राब होते जा रहे हैं. ये देश आर्थिक और राजनीतिक संकट से जूझ रहा है. ,1
"महबूबा मुफ्ती ने ताजमहल, लाल किला को लेकर उठे विवाद पर मोदी सरकार पर उठाए सवाल",जम्मू-कश्मीर की पूर्व मुख्यमंत्री और पीपुल्स डेमोक्रेटिक पार्टी (पीडीपी) की प्रमुख महबूबा मुफ़्ती ने कहा है कि केंद्र की बीजेपी सरकार लोगों को नौकरी देने में नाकाम रही है. ,1
अभिनेता जॉनी डेप और उनकी पूर्व पत्नी एंबर हर्ड एक दूसरे पर क्या आरोप लगा रहे हैं?,हॉलीवुड अभिनेता जॉनी डेप और उनकी पूर्व पत्नी एंबर हर्ड का कोर्ट केस इन दिनों पूरी दुनिया में सुर्ख़ियों में है. कोर्ट में दोनों ने ही एक दूसरे पर हिंसा के गंभीर आरोप लगाए हैं. ,1
श्रीलंका में भड़की हिंसा और आगजनी के बाद जानिए अब कैसा है माहौल,श्रीलंका में गहरे आर्थिक संकट के बीच सरकार विरोधी विरोध-प्रदर्शन के दौरान कई जगहों पर भीषण आगजनी हुई. ,1
रूस-यूक्रेन युद्ध का माउंट एवरेस्ट जाने वालों पर क्या असर पड़ रहा - ग्राउंड रिपोर्ट,"आंग सारकी शेरपा का काम दुनिया के सबसे जोख़िम भरे कामों में से एक है, लेकिन वो तमाम जोख़िमों से जूझते हुए अपने काम में लगे रहते हैं. ",1
"इंदौर: 'प्रेमिका से मिले धोखे' की वजह से शख़्स ने लगाई थी आग, सात लोगों की हुई थी मौत",मध्य प्रदेश के इंदौर में स्वर्णबाग कॉलोनी की बिल्डिंग में आग लगाने वाले अभियुक्त ने गिरफ्तारी के बाद सनसनीखेज दावा किया है. ,1
अरविंद केजरीवाल ने बिजली सब्सिडी लोगों के पाले में क्यों डाली -प्रेस रिव्यू,"दिल्ली सरकार ने गुरुवार को एलान किया कि एक अक्तूबर से दिल्ली में केवल उन्हीं लोगों को मुफ़्त बिजली मिलेगी, जो लेना चाहेंगे.",1
"'गधा हमेशा गधा ही रहता है', अपने बारे में ऐसा क्यों बोले इमरान ख़ान?","पाकिस्तान के पूर्व प्रधानमंत्री इमरान ख़ान सोशल मीडिया पर ख़ूब ट्रोल हो रहे हैं. वजह है उनका ऐसा बयान, जिसमें उन्होंने बातों-बातों में अपनी तुलना गधे से कर डाली. ",1
चीन की सीपीईसी परियोजना में हो रही देरी से क्यों बेचैन है पाकिस्तान?,बीते माह पाकिस्तान के कराची शहर में तीन चीनी नागरिकों की हत्या के बाद से दोनों देशों के रिश्ते पहले की तरह नहीं रहे हैं. पाकिस्तान के सीनेट डिफ़ेंस कमेटी ने माना है कि इस हमले के बाद चीन का भरोसा हिल गया है.,1
पाकिस्तान में ऑनर किलिंग: मॉडलिंग से नाख़ुश छोटे भाई ने बहन को गोली मारी, भारत के दक्षिणी शहर हैदराबाद में हुई ऑनर किलिंग की तरह ही पाकिस्तान के पंजाब प्रांत के ओकरा में एक युवा फ़ैशन मॉडल सिदरा खालिद की हत्या भी उनके छोटे भाई हमज़ा खालिद ने कर दी. हमज़ा पर ऑनर किलिंग के नाम पर सिदरा को गोली मारने का आरोप है.,1
अजीत: ‘सारा शहर मुझे लायन के नाम से जानता है’,"अजीत के बारे में कहा जाता है कि उन्होंने 70 के दशक में भारतीय सिनेमा में खलनायक की छवि को पूरी तरह से बदल कर रख दिया. ये शख्स शिष्ट था, पढ़ा-लिखा था  सूट और सफ़ेद जूते पहनता था और उसकी क्लार्क गेबल्स स्टाइल की मूछें हुआ करती थीं. ",1
विदेश मंत्री एस जयशंकर आजकल इतना 'तीखा' क्यों बोल रहे हैं,विदेश मंत्री एस जयशंकर के पिता के सुब्रमण्यम को भारत की कूटनीति का भीष्म पितामह कहा जाता है. ,1
टाइटैनिक डूबने के 110 साल के बाद भी कायम हैं ये चार रहस्य,ठीक 110 साल पहले टाइटैनिक एक अंधेरी रात के वक्त एक आइसबर्ग (हिमखंड) से टकरा गया था. उस वक्त अधिकांश यात्री नींद के आगोश में थे.,1
ताजमहल को लेकर हाईकोर्ट में पेश याचिका में 22 कमरों को लेकर क्या कहा गया है,"सोमवार को इलाहाबाद हाईकोर्ट की लखनऊ बेंच में एक याचिका दायर हुई है, जिसमें मांग की गई है कि ताजमहल के ऊपरी और निचले हिस्से में बंद क़रीब 22 कमरे खुलवाए जाएं. याचिका में यह माँग भी की गई है कि पुरातत्व विभाग को उन बंद कमरों में मूर्तियों और शिलालेखों की खोज करने का भी आदेश दिया जाए.",1
पंजाब में हुए RPG हमले को 'गेम चेंजर' क्यों बताया जा रहा है?,पंजाब पुलिस के कुछ अधिकारियों का मानना है कि पंजाब में खुफ़िया मुख्यालय पर हमला विशेष चिंता का विषय है क्योंकि यह पहला रॉकेट प्रोपेल्ड ग्रेनेड हमला है और हमलावरों के लिए यह गेम चेंजर हो सकता है.   ,1
खरगोन में 'बुलडोज़र' अभियान से मुसलमान और हिंदू दोनों नाख़ुश - ग्राउंड रिपोर्ट,सुबह के आठ बजे का वक़्त है और खरगोन की सड़कों पर एक-एक कर लोग नज़र आने लगे हैं. इस महीने की 10 तारीख़ को रामनवमी के जुलूस के बाद भड़की हिंसा और सांप्रदायिक तनाव को काबू करने के लिए शहर के कई हिस्सों में कर्फ्यू लगा दिया गया था. ,1
पीएम मोदी जिस समय जम्मू में थे उस समय पाकिस्तान में क्या हो रहा था,"अगस्त साल 2019 में, आर्टिकल 370 हटाए जाने के बाद भारत के प्रधानमंत्री नरेंद्र मोदी पहली बार, रविवार को जम्मू दौरे पर पहुँचे. बीते रविवार अपने दौरे के दौरान उन्होंने जम्मू और कश्मीर के विकास के लिए 20 हज़ार करोड़ रुपये के प्रोजेक्ट्स का लोकार्पण और शिलान्यास किया. ",1
गॉर्डन ग्रीनिज: पीठ पर खाद का बोरा ढोने वाला जो बना दुनिया का सबसे विस्फ़ोटक ओपनर,क्रिकेट की दुनिया ने एक से बढ़कर एक विस्फ़ोटक बल्लेबाज़ देखे हैं और उन बल्लेबाज़ों के सामने दुनिया भर के गेंदबाज़ कंपकंपाते रहे.,1
बनारस: ज्ञानवापी मस्जिद निरीक्षण के दो दिनों में क्या-क्या हुआ?,ज्ञानव्यापी मस्जिद में ज़िला अदालत के आदेश पर हो रहे एडवोकेट कमिश्नर के निरीक्षण में कानूनी अड़चनें आने लगी हैं. ,1
दक्षिण कोरिया की नई सरकार और उत्तर कोरियाई शासक किम जोंग-उन में टकराव की आशंका,कोरिया प्रायद्वीप के बदले हालात में उत्तर कोरिया के नेता किम जोंग-उन अपने हथियारों को नई धार देने में जुट गए हैं. ,1
IPL: मोहम्मद शमी लंबे समय तक ये छक्का नहीं भूल पाएंगे,क्रिकेट का रोमांच यही है कि एक लो स्कोरिंग मैच भी पल में यादगार मैच में तब्दील हो जाता है.,1
लिथियम आयन बैटरी कैसे दुनिया को बचा सकती है,पूरी दुनिया में कार्बन उत्सर्जन पर काबू करने की जद्दोजहद चल रही है. ,1
वीर महान: WWE में हलचल मचाने वाले रेसलर कौन हैं,"एक समय था, भारत में क्रिकेट के साथ WWE और WWF शो काफ़ी लोकप्रिय थे.  ",1
वाराणसी की ज्ञानवापी मस्जिद और माँ शृंगार देवी से जुड़े निरीक्षण का मामला क्या है?,वाराणसी की ज्ञानवापी मस्जिद एक बार फिर चर्चा में है. वहाँ अदालत की ओर से नियुक्त वकीलों की एक टीम शुक्रवार को निरीक्षण के लिए पहुँची जिसका विरोध हो रहा है. आइए समझते हैं कि क्या है ये पूरा मामला?  ,1
"रूस का यूएन में बदला रुख़, लेकिन 'आगे क्या' के लिए निगाहें अब 'विक्ट्री डे' परेड पर",संयुक्त राष्ट्र सुरक्षा परिषद के बाक़ी 14 सदस्यों के साथ रूस ने शुक्रवार को पहली बार सुर में सुर मिलाते हुए 'यूक्रेन की शांति और सुरक्षा बनाए रखने पर गहरी चिंता' ज़ाहिर की है. ,1
"मध्य प्रदेशः आसिफ़ और साक्षी ने प्रेम विवाह किया, प्रशासन ने आसिफ़ का घर तोड़ दिया",आसिफ़ और साक्षी एक दूसरे से मोहब्बत करते थे. उन्हें यह मालूम ही रहा होगा कि समाज उनके प्यार को स्वीकार नहीं करेगा. लेकिन इस बीच प्रशासन ने आसिफ़ का घर तोड़ दिया.,1
बिहार में बीपीएससी का पेपर कब और कैसे लीक हुआ? ग्राउंड रिपोर्ट,वॉट्सऐप पर वायरल होता बिहार लोकसेवा आयोग का पेपर.,1
IPL: DRS ना होने पर कइयों का फूटा ग़ुस्सा पर धोनी का रुख़ रहा बिल्कुल अलग,मुंबई से हार कर चेन्नई की टीम भले ही प्लेऑफ़ की रेस से बाहर हो गई है लेकिन इस मैच के पहले ओवर ने एक बार फिर आईपीएल को विवादों में लपेट लिया है.,1
उज्ज्वला योजना: 90 लाख लाभार्थियों ने दोबारा सिलिंडर नहीं भरवाया- प्रेस रिव्यू,नरेंद्र मोदी सरकार की प्रमुख कल्याणकारी योजनाओं में से एक प्रधानमंत्री उज्जवला योजना के 90 लाख लाभार्थियों ने बीते वित्त वर्ष में कभी दोबारा सिलिंडर भरवाया ही नहीं.,1
श्रीलंका संकट से क्या सीख सकता है भारत,भारत और श्रीलंका के बीच यूं तो तुलना नहीं की जा सकती. अर्थव्यवस्था के लिहाज से श्रीलंका बहुत ही छोटा मुल्क है और आबादी भी भारत की तुलना में बहुत कम है. ,1
सऊदी अरब की शान अरामको जिसकी अमीरी में समा जाएँगे कई देश,सऊदी अरब की सरकारी तेल कंपनी अरामको 2.463 ट्रिलियन डॉलर के मार्केट कैप (बाज़ार पूंजी) के साथ दुनिया की सबसे बड़ी कंपनी बन गई.,1
"रनिल विक्रमसिंघे को मिला श्रीलंका को संकट से निकालने का ज़िम्मा, छठी बार बने प्रधानमंत्री",छठी बार प्रधानमंत्री बनने वाले रनिल विक्रमसिंघे श्रीलंका की राजनीति में एक अहम स्थान रखते हैं. ,1
"ज्ञानवापी मस्जिद के सर्वे पर आया अदालत का फ़ैसला, क्या होगा आगे?",वाराणसी की ज़िला अदालत ने ज्ञानवापी मस्जिद में सर्वे की इजाज़त दे दी है. अदालत ने सर्वे के लिए दो वकीलों को कमिश्नर के तौर पर नियुक्त किया है. इस टीम को 17 मई तक रिपोर्ट सौंपने का समय दिया गया है. ,1
अमेरिकी राष्ट्रपति जो बाइडन के बेटे हंटर के लैपटॉप से निकले 'राज़' और उसका सच- दुनिया जहान,ये साल 2020 के अक्टूबर का महीना था. अमेरिका में राष्ट्रपति चुनाव में सिर्फ़ तीन हफ़्ते बाक़ी थे. मुक़ाबला डोनाल्ड ट्रंप और जो बाइडन के बीच था. ,1
ताज महल के 22 कमरों की याचिका पर हाईकोर्ट में क्या कुछ हुआ,इलाहाबाद हाईकोर्ट की लखनऊ बेंच ने ताजमहल के 22 बंद दरवाज़ों को खोलने की मांग वाली याचिका को गुरुवार को ख़ारिज कर दिया. कोर्ट ने कहा कि हम ऐसी याचिका पर विचार नहीं कर सकते.,1
इसराइली मीडिया में अल-जज़ीरा की रिपोर्टर शिरीन अबू के मारे जाने पर क्या कहा जा रहा,फ़लस्तीनी मूल की अमेरिकी पत्रकार शिरीन अबू अक़लेह की दुखद मौत के बाद इसराइली मीडिया में ऐसी अटकलें तेज़ हो गई हैं कि इससे बदले के लिए हमलों में बढ़ोतरी होगी और इससे इसराइल को कूटनीतिक स्तर पर भी नुक़सान झेलना पड़ सकता है.,1
श्रीलंका: महिंदा राजपक्षे ने नौसैनिक अड्डे को अपना ठिकाना क्यों बनाया,गंभीर आर्थिक संकट के बीच जारी विरोध प्रदर्शन कर रहे उपद्रवियों को देखते ही गोली मारने के आदेश के साथ श्रीलंका सरकार ने देश भर में सुरक्षा बलों को तैनात किया है.,1
मोहाली धमाका क्या पंजाब के लिए ख़तरे का संकेत है?,पंजाब के मोहाली में पुलिस के इंटेलिजेंस हेडक्वॉर्टर पर सोमवार रात को हुए हमले में हमलावारों ने जिस लॉन्चर से रॉकेट को दागा था उसे पुलिस ने रिकवर कर लिया है. ,1
"यूक्रेन से लड़ता रूस आर्थिक मोर्चे पर कितना मज़बूत, क्यों देश छोड़ रहे हैं लोग?",यूक्रेन पर हमले के बाद से रूस आर्थिक पतन को रोकने में कामयाब रहा है. फरवरी से शुरू हुए पश्चिमी देशों के लगाए प्रतिबंधों से रूस को काफी नुकसान हुआ है. ,1
राजद्रोह क़ानून की समीक्षा पूरी होने तक कोई नई FIR नहीं : सुप्रीम कोर्ट,"हनुमान चालीसा का पाठ, भारत-पाकिस्तान मैच में पाकिस्तान ज़िंदाबाद का नारा, सोशल मीडिया पर पोस्ट या फिर कोई कार्टून- ये कुछ ऐसे काम है जिन्हें हाल के दिनों में अलग-अलग राज्य सरकारों ने राजद्रोह क़ानून में मुक़दमा दायर करने का आधार बनाया. ",1
मैरिटल रेप पर हाई कोर्ट के बँटे हुए फ़ैसले से पीड़ितों में जगी उम्मीद,मैरिटल रेप को अपराध घोषित किए जाने वाली याचिकाओं पर सुनवाई करते हुए दिल्ली हाई कोर्ट की दो सदस्यीय बेंच ने बंटा हुआ फैसला सुनाया है और कहा है कि याचिकाकर्ता सुप्रीम कोर्ट का रुख कर सकते हैं. ,1
"हैप्पी बर्थ डे मंटो, तुम हमारे दिलों में ज़िंदा रहो: ब्लॉग",सआदत हसन मंटो का जन्मदिन है. उस मंटो का जो 43 साल की उम्र में खून थूकते और पागल खानों के चक्कर लगाते इस दुनिया को अलविदा कह गया था.,1
"रूस के विक्ट्री डे की वो तस्वीरें, जिनसे उसकी ताक़त ज़ाहिर होती है",पिछले कुछ सालों से रूस में 9 मई को मनाए जाने वाले विजय दिवस ने एक वार्षिक कार्यक्रम का दर्जा हासिल कर लिया है. ,1
पीएम नरेंद्र मोदी का जर्मनी में ऐसे हुआ स्वागत,भारतीय प्रधानमंत्री नरेंद्र मोदी तीन दिन के यूरोप दौरे पर सबसे पहले जर्मनी पहुंचे हैं. बर्लिन में उनका कैसा स्वागत हुआ आइए देखते हैं.,1
भारत में क्या कर रहे म्यांमार के विद्रोही?,म्यांमार में जब से तख़्ता पलट करके सैन्य सरकार ने सत्ता पर कब्ज़ा किया है. ,1
श्रीलंका के हालात पर राष्ट्रपति गोटाबाया राजपक्षे ने क्या कहा?,श्रीलंका के राष्ट्रपति गोटाबाया राजपक्षे ने कहा है कि वे एक सप्ताह के भीतर नया मंत्रिमंडल नियुक्त करेंगे.,1
सआदत हसन मंटो के बारे में पाकिस्तान के छात्रों की राय,"सआदत हसन मंटो की गिनती उन लेखकों में होती है, जिनके बारे में ये माना जाता है कि उनकी कलम आग उगलती थी. ",1
पाकिस्तान का वो शख़्स जिससे मोर भी शर्माते हैं,मास्टर ग़ुलाम हुसैन पाकिस्तान में सिंध के जमशोरो के रहने वाले हैं. हुसैन पाकिस्तान और दूसरे देशों में बीते दस साल से पारंपरिक सिंधी संगीत पर मोर नृत्य कर रहे हैं. ,1
"बेटी को ससुराल से मारपीट कर, घसीटकर ले गए परिवार के लोग",ये घटना महाराष्ट्र के अंबाडा की है. जहां एक लड़की को उसके ही घरवाले घसीटकर ससुराल से वापस ले गए. लड़की ने अंतर-जातीय विवाह किया था और उसके परिवारवाले इस शादी के ख़िलाफ़ थे. ,1
अगर वजाइनल डिस्चार्ज ज़्यादा हो तो क्या दिक्कतें हो सकती हैं?,क्या आप जानती हैं कि आपका वजाइनल डिस्चार्ज इन्फेक्शन को रोकने में मदद करता है? ,1
"BPSC पेपर लीक: अब दोबारा परीक्षा कब होगी, सेक्रेटरी से जानिए",8 मई को बीपीएससी परीक्षा का प्रश्नपत्र लीक होने के बाद से बिहार लोकसेवा आयोग ने इस परीक्षा को रद्द कर दिया था. इसके बाद से आयोग और राज्य सरकार विपक्ष के निशाने पर है. ,1
संतूर वादक शिव कुमार शर्मा का 42 साल पुराना इंटरव्यू,जानेमाने संतूर वादक पंडित शिव कुमार शर्मा ने आज इस संसार को अलविदा कह दिया. ,1
रूस और यूक्रेन की जंग के बीच पिस रहे हैं बच्चे,"रूस के हमले की वजह से यूक्रेन में हज़ारों विकलांग बच्चों को, बिना किसी देखभाल के उनके हाल पर छोड़ दिया गया है. ",1
भारत के मुसलमानों में बहुविवाह को लेकर एक बार फिर से बहस छिड़ी,दिल्ली हाई कोर्ट में याचिका दायर करके 28 साल की एक मुसलमान महिला ने मांग की है कि बिना उनकी लिखित सहमति के उनके पति को एक दूसरी महिला से निकाह करने से रोका जाए. ,1
"इंडिगो मामलाः डिफ़रेंटली एबल बच्चे के पिता ने बताया, क्या हुआ था रांची एयरपोर्ट पर","""वो 7 मई की शाम थी. मैं बोकारो में रह रही अपनी 76 साल की कैंसर पीड़िता मां से मिलकर हैदराबाद की फ्लाइट लेने रांची एयरपोर्ट पहुंचा था. मेरे साथ मेरी पत्नी अपर्णा और 12 साल का बेटा अर्णब भी थे. अर्णब डिफरेंटली एबल्ड बच्चा है. इसलिए हमें उसका ख़ास ख़्याल रखना होता है. वो कम बोलता है, चल नहीं पाता, आँखों की रोशनी भी कम है.""",1
कोयले की कमी और बढ़ती गर्मी ने भारत के बिजली संकट को कैसे बढ़ाया,एक महीने से ज्यादा समय से राजधानी दिल्ली के पास संदीप मल की फैक्ट्री को बिजली कटौती का सामना करना पड़ रहा है. कभी कभी ये बिजली कटौती दिन में 14 घंटे तक हो जाती है. ,1
असम की वो सब-इंस्पेक्टर जिन्होंने अपने मंगेतर को भेजा जेल,असम पुलिस की एक महिला सब-इंस्पेक्टर ने धोखाधड़ी के आरोप में अपने ही मंगेतर को गिरफ़्तार कर लिया है.,1
"कांग्रेस का अध्यक्ष कौन होगा बेस्ट, प्रशांत किशोर ने बताया -BBC EXCLUSIVE","चुनाव रणनीतिकार का चोला उतारकर नेता के अवतार में आने को आतुर प्रशांत किशोर का कहना है कि मजबूत कांग्रेस देश के हित में है. हालांकि, कांग्रेस की कमान किसके हाथ में हो, इस पर उनकी राय 'लोकप्रिय धारणा' से अलग है. ",1
पाकिस्तान में चीनी नागरिकों पर कौन और क्यों कर रहा है हमले?,चीन ने पाकिस्तान के कराची शहर में तीन चीनी नागरिकों की हत्या पर कड़ी प्रतिक्रिया देते हुए कहा है कि इसके लिए ज़िम्मेदार लोगों को कड़ी सज़ा मिलनी चाहिए. ,1
मुकेश अंबानी की नज़र ब्रिटेन की बड़ी फ़ार्मेसी कंपनी 'बूट्स' पर,मुकेश अंबानी यूके की हाई स्ट्रीट चेन बूट्स के अधिग्रहण की योजना बना रहे हैं. मुकेश रिलायंस इंडस्ट्रीज के सबसे बड़े शेयरधारक और अध्यक्ष हैं. रिलायंस इंडस्ट्रीज खुदरा से लेकर ऊर्जा तक के सेक्टर में बड़ा नाम है. ,1
रूस क्या चीन के लिए अब भारत के ख़िलाफ़ जा सकता है?,कांग्रेस नेता राहुल गांधी ने दो फ़रवरी को लोकसभा में कहा था कि मोदी सरकार की ग़लत रणनीति के कारण चीन और पाकिस्तान साथ आ गए हैं. ,1
"'हां, मुझे कैंसर है और मैं जीना चाहता हूं'","ज़िंदगी और मौत के बीच बस एक तजुर्बे का फ़र्क़ है. ज़िंदगी जीते हुए हम जो तजुर्बा हासिल करते हैं, उसकी व्याख्या कर पाते हैं. क्योंकि, हमारी साँसें चल रही होती हैं.  ",1
कुछ लोग सार्वजनिक स्थानों पर पोर्न क्यों देखने लगते हैं?,ब्राउनवेन रीड ब्रिटेन में एक सार्वजनिक लाइब्रेरी में बैठी थीं और किसी भी अन्य छात्र की तरह वहां पढ़ना चाहती थीं. लेकिन उन्हें असहज कर देने वाले दृश्य का सामना करना पड़ा. एक आदमी लाइब्रेरी के कंप्यूटर पर पोर्न देख रहा था.,1
रूस ने आज के दिन किसे हराया था? जानिए क्या है विक्ट्री डे,पिछले कुछ सालों से रूस में 9 मई को मनाए जाने वाले विजय दिवस ने एक वार्षिक कार्यक्रम का दर्जा हासिल कर लिया है. ,1
मदर्स डे: मां बनने की सही उम्र के बारे में विशेषज्ञ क्या कहते हैं?,"कुछ सवालों के एकदम निश्चित जवाब नहीं दिए जा सकते. एक ही सवाल के जवाब, अलग-अलग लोगों के लिए अलग-अलग हो सकते हैं. ",1
"'मैं गैस बचाने के लिए एक वक़्त खाना बनाती हूं, दो महीने सिलेंडर चलाना पड़ता है'",दिल्ली के कल्याणपुरी में गुमटी में चाय की दुकान चलाने वाली पप्पी देवी को जैसे ही एलपीजी सिलेंडर के दाम पचास रुपये बढ़ने का पता चला उन्होंने गहरी सांस ली.,1
"अंडे का फंडा, क्या इसमें छिपा है हमारे ब्रह्मांड का रहस्य",अंडे के बारे में आप जानते हैं. ,1
किमोनो से कैसे खुली अमेरिका में बसे जापानियों के उत्पीड़न की कहानी,"2013 में शेन 'शैशै' कोनो के दादा का जब निधन हुआ, तो उनके सामान की हिफ़ाज़त करने के लिए परिवार के लोग उनके घर गए. उनके बाग़ में लगा शेड सामान से इतना भरा हुआ था कि लोग एक-एक करके ही वहां घुस पाए.",1
"भारत में कोरोना से 47 लाख लोगों की हुई मौतःWHO, भारत ने जताया एतराज़","विश्व स्वास्थ्य संगठन (डब्ल्यूएचओ) ने कहा है कि भारत में कोरोना से 47 लाख लोगों की मौत हुई है. ये संख्या आधिकारिक आँकड़ों से क़रीब 10 गुना ज़्यादा है. हालाँकि, भारत सरकार ने उनके इस दावे पर सवाल उठाए हैं.",1
रूस की गैस से यूरोप के ‘लव अफ़ेयर’ का होगा ब्रेकअप? - दुनिया जहान,रूस और जर्मनी को जोड़ने वाली पाइप लाइन 'नॉर्ड स्ट्रीम-1 कभी दोनों देशों के बीच भरोसे का प्रतीक मानी गई. ,1
एक साथ पैदा हुए नौ बच्चे एक साल बाद किस हालत में हैं?,आज के ही दिन पिछले साल माली की एक महिला हलीमा सिसे ने एक साथ नौ बच्चों को जन्म दिया था. बच्चों का जन्म मोरक्को के एक अस्पताल में हुआ था. माली की सरकार ने उन्हें खास देखभाल के लिए उस समय मोरक्को भेजने का इंतज़ाम किया था. ,1
ज्ञानवापी मस्जिद को लेकर लखनऊ में दलित प्रोफ़ेसर की टिप्पणी पर विवाद,लखनऊ यूनिवर्सिटी में मंगलवार दोपहर एबीवीपी के कार्यकर्ताओं ने हिंदी विभाग के प्रोफ़ेसर रविकांत चन्दन के ख़िलाफ़ विरोध-प्रदर्शन किया था. ,1
"डॉलर के सामने गिरता रुपया, आम लोगों की जेब पर क्या होगा असर",9 मई को शुरुआती कारोबार में भारत की मुद्रा रुपया अमेरिकी डॉलर के मुकाबले 51 पैसे गिरकर 77.41 रुपये के अब तक के सबसे निचले स्तर पर आ गया. ,1
श्रीलंका पर उदय कोटक और रामचंद्र गुहा की टिप्पणी चर्चा में,भारत के पड़ोसी देश श्रीलंका में छिड़े संघर्ष और उसके बाद प्रधानमंत्री महिंदा राजपक्षे के इस्तीफ़े को लेकर देश-दुनिया के जाने-माने बैंकर उदय कोटक ने टिप्पणी की है. ,1
मोहाली धमाका: सिख फ़ॉर जस्टिस ने ली ज़िम्मेदारी- प्रेस रिव्यू,पंजाब के मोहाली में पुलिस के इंटेलिजेंस हेडक्वॉर्टर पर हुए हमले की ज़िम्मेदारी प्रतिबंधित संगठन सिख फ़ोर जस्टिस (एसएफ़जे) ने ली है.,1
"बिहार पेपर लीक मामला: BPSC ने बताया कब होगी परीक्षा, अब तक चार लोग हिरासत में",बिहार लोकसेवा आयोग ने मंगलवार को बताया है कि अगले तीन महीने के अंदर बीपीएससी की परीक्षा दोबारा आयोजित कराई जा सकती है. ,1
कश्मीर में 1200 साल पुराने मंदिर में 'बिना इजाज़त' पूजा करने पर विवाद,"भारत प्रशासित कश्मीर के दक्षिणी शहर अनंतनाग में प्राचीन सूर्य मंदिर के खंडहर में, भारत के विभिन्न राज्यों से आए 100 हिंदू ब्राह्मणों ने दो दिन तक पूजा का आयोजन किया. ",1
नए सेना प्रमुख जनरल मनोज पांडे पहली बार चीन और रूस-यूक्रेन जंग पर बोले- प्रेस रिव्यू,चीन के साथ भारत के सीमा विवाद पर नए सेना प्रमुख जनरल मनोज पांडेय के अहम बयान को अंग्रेज़ी अख़बार द हिंदू ने प्रमुखता से छापा है. प्रेस रिव्यू में सबसे पहले यही ख़बर पढ़िए.,1
शाहीन बाग़ में अतिक्रमण हटाओ अभियान के ख़िलाफ़ विरोध-प्रदर्शन,दिल्ली के शाहीन बाग़ में सोमवार को दिल्ली नगर निगम की ओर से अवैध निर्माण हटाने के ख़िलाफ़ वहाँ के लोगों ने विरोध-प्रदर्शन किया. ,1
ज्ञानवापी मस्जिद में माँ शृंगार गौरी मंदिर के निरीक्षण का मामला: जानिए कौन हैं पाँचों महिला याचिकाकर्ता,शुक्रवार से सुर्ख़ियों में छाए हुए ज्ञानवापी मस्जिद और माँ शृंगार गौरी से जुड़े निरीक्षण वाले मामले में आख़िरकार इस मुक़दमे की महिला याचिकाकर्ता पहली बार मीडिया के सामने आईं. ,1
श्रीलंकाई केंद्रीय बैंक के प्रमुख की चेतावनी से बढ़ी चिंता- प्रेस रिव्यू,"श्रीलंका के केंद्रीय बैंक के प्रमुख ने 11 मई को चेतावनी दी कि अगर देश में राजनीतिक स्थिरता तत्काल बहाल नहीं की जाती है और संकट में फंसे श्रीलंका को चलाने के लिए नई सरकार नियुक्त नहीं की जाती है तो अर्थव्यवस्था ""पूरी तरह ध्वस्त"" हो जाएगी.",1
"पाकिस्तान में चिकन अचानक हुआ महंगा, आम लोग परेशान",कराची के इलाक़े निज़ामाबाद के निवासी काशिफ़ हुसैन ने रविवार के दिन मुर्ग़ी का एक किलो गोश्त छह सौ रुपये में ख़रीदा है.,1
इसराइल के हमले में अल-जज़ीरा की संवाददाता शिरीन अबू अक़लेह की मौत,क़तर के समाचार चैनल अल जज़ीरा की संवाददाता शिरीन अबू अक़लेह की इसराइली रेड में मौत हो गई है. ,1
"श्रीलंका: जैसे-जैसे रात गुजरी, भीड़ ने राजपक्षे परिवार के घरों को आग के हवाले करना शुरू कर दिया",श्रीलंका में सत्तारूढ़ राजपक्षे परिवार के एक घर को जला दिए जाने के पूरे देश में कर्फ़्यू लगा दिया गया है. सेना को क़ानून तोड़ने वालों को देखते ही गोली मारने के आदेश दे दिए गए हैं.,1
अल-अक़्सा मस्जिद पर इसराइल की टिप्पणी से बढ़ी आशंका,इसराइल के प्रधानमंत्री नेफ़्टाली बेनेट ने रविवार को अल-अक़्सा मस्जिद के प्रबंधन में बाहरी हस्तक्षेप को ख़ारिज करने की बात कही है. इस बयान के बाद जॉर्डन और फ़लस्तीन भड़क गए हैं.,1
मुसलमान जिस देश में रहते हैं उसका सम्मान करें- वर्ल्ड मुस्लिम काउंसिल में बोले मिस्र के मंत्री,संयुक्त अरब अमीरात में वर्ल्ड मुस्लिम कम्युनिटीज़ काउंसिल (TWMCC) के चौथे वार्षिक सम्मेलन का आयोजन किया गया. इस बैठक में 150 से अधिक देशों के प्रतिनिधि शामिल हुए. ,1
"श्रीलंका में अराजक हुए हालात, महिंदा राजपक्षे के इस्तीफ़े से क्या होगा",लोगों के लिए अनाज कम पड़ रहा है,1
"श्रीलंका: महिंदा राजपक्षे पर भड़के संगकारा, प्रदर्शनकारियों ने राष्ट्रपति के पैतृक घर में लगाई आग",आर्थिक संकट से जूझ रहे श्रीलंका में सरकार विरोधी प्रदर्शन हिंसक हो गया है. सत्ताधारी पार्टी के 15 से अधिक सदस्यों के घरों और दफ़्तरों को प्रदर्शनकारियों ने आग के हवाले कर दिया जिसमें राष्ट्रपति गोटाबाया राजपक्षे का पैतृक घर भी शामिल है. ,1
पाकिस्तानी सांसद आमिर लियाक़त पर 31 साल छोटी उनकी पत्नी ने लगाए गंभीर आरोप,पाकिस्तान की नेशनल असेंबली के सदस्य और मशहूर टीवी शख़्सियत आमिर लियाक़त की तीसरी शादी भी ज़्यादा दिनों तक नहीं चल सकी. ,1
कौन हैं महेश बाबू जिन्होंने कहा- बॉलीवुड मुझे 'अफ़ोर्ड' नहीं कर सकता,मुंबई. साउथ की क़ॉफी के प्याले से एक बार फिर तूफान उठा है. वर्चस्व की लड़ाई अब गुरूर और गर्व तक पहुंच गई है. ,1
मुनव्वर फ़ारूक़ी: कॉमेडियन के पुलिस हवालात से 'लॉक अप' शो जीतने तक की कहानी,स्टैंडअप कॉमेडियन मुन्नवर फ़ारूकी रियलटी शो लॉकअप के विजेता बन गए हैं. कंगना रनौट के इस शो में मुन्नवर को पहले से ही मज़बूत दावेदार माना जा रहा था. ,1
ख़ुदा गवाह: अमिताभ बच्चन की वो फ़िल्म जिसके लिए अफ़ग़ान मुजाहिदीनों ने जंग रोक दी थी,बात 90 के दशक की है. अफ़ग़ानिस्तान में मुजाहिदीन के साथ लड़ाई जारी थी. ,1
जॉनी डेप बनाम एंबर हर्ड मुक़दमे में दुनिया भर की दिलचस्पी क्यों है,अगर हॉलीवुड फ़िल्मों में आपकी दिलचस्पी है तो पाइरेट्स ऑफ़ कैरिबियन्स फ़िल्म और सीरीज के बारे में सुना होगा जिसमें अभिनेता जॉनी डेप ने काम किया था. वो तीन बार ऑस्कर अवॉर्ड के लिए नामांकित हो चुके हैं और गोल्डन ग्लोब अवॉर्ड जीत चुके हैं.,1
हदिक़ा कियानी Vs कनिका कपूर: नए नहीं हैं बॉलीवुड पर पाकिस्तानी गानों की 'चोरी' के आरोप,"'बूहे बारियां... ' यानी 'दरवाज़े, खिड़कियाँ और दीवारें लाँघ कर...आऊंगी हवा बनकर'",1
मेटावर्स: क्यों है इस पर टिकी बॉलीवुड की नज़र?,"वैसे तो एंटरटेनमेन्ट की दुनिया वास्तविकता की गहराई से लेकर कल्पना के आकाश तक कहीं भी जा सकती है. हालांकि दर्शकों तक अपनी बात पहुँचाने के लिए ह्यूमन प्रेज़ेन्स का होना ज़रूरी होता है, लेकिन अब एक आभासी दुनिया की कल्पना कर हर तरह के दृश्य को क्रिएट करना भी संभव हो रहा है और इसे बॉलीवुड हाथों हाथ लेने को तैयार है.",1
कौन हैं किच्चा सुदीप जिनसे हिंदी को लेकर भिड़ गए अजय देवगन,अचानक इंटरनेट के सर्च इंजन्स पर कन्नड़ सुपरस्टार किच्चा सुदीप के बारे में तेज़ी से बढ़ी हलचल ने उन लोगों के कान खड़े कर दिये जो इन दिनों साउथ डब फिल्मों की धुआंधार बारिश में सराबोर हो रहे हैं. ,1
शम्मी कपूर के बेटे आदित्य राज कपूर ने पिता के अफ़ेयर्स को लेकर कई राज़ खोले,भारतीय फ़िल्मों में कपूर परिवार का योगदान हमेशा से ही अहम रहा है. कपूर परिवार में अभिनय की नींव सबसे पहले रखी कपूर परिवार के मुखिया दिवंगत अभिनेता पृथ्वीराज कपूर ने. ,1
अजय देवगन और किच्चा सुदीप की हिन्दी की बहस में कूदे नेता-अभिनेता,"पहले अभिनेता नवाज़ुद्दीन सिद्दीक़ी, फिर दक्षिण भारतीय फ़िल्मों के अभिनेता किच्चा सुदीप और अब अजय देवगन. फ़िल्मों में हिंदी भाषा के इस्तेमाल पर शुरू हुई चर्चा अब तेज़ हो रही है.",1
"IPL: विकेट पर गेंद लगी, बेल्स नहीं गिरे, क्या वॉर्नर आउट थे","क्रिकेट दिलचस्प खेल है. मैदान पर गाहे बगाहे ऐसी चीज़ें हो जाती हैं, जिनसे न केवल वहाँ खेल रहे खिलाड़ियों, उसे देख रहे दर्शकों, लाखों चाहने वाले और इसके दिग्गजों के भी होश उड़ जाते हैं और फिर छिड़ती है एक बहस.",1
"IPL: गुजरात टाइटंस का एलान, 'अब अपनी बारी है, पर तुम भी जल्दी आ जाना'",खेल की ख़ूबसूरती यही है कि हार जीत के बाद भी एक टीम दूसरी टीम को साथ लेना नहीं भूलती. ,1
IPL: बुमराह की ड्रीम गेंदबाज़ी और पाँच विकेटों पर कैसे भारी पड़ा कमिंस का एक ओवर,कहते हैं कि किस्मत साथ नहीं हो तो ऊंट पर बैठे आदमी को भी कुत्ता काट लेता है. कुछ ऐसी ही कहानी आईपीएल के इस सीज़न में मुंबई इंडियंस की हो चुकी है. ,1
धोनी के बारे में बड़ी जीत के बाद डेवोन कॉनवे ख़ूब बोले,जब किसी टूर्नामेंट के नॉक आउट दौर में पहुँचने के लिए सभी मैच जीतने हों और वो भी बड़े अंतर से तो चैंपियंस कैसे खेलते हैं?,1
धोनी की चेन्नई सुपर किंग्स क्या अब भी जीत सकती है इस साल का आईपीएल?,दिल्ली कैपिटल्स को 91 रन से हराने के बाद चेन्नई सुपर किंग्स ने अपने प्रंशसकों की उम्मीदों को बढ़ा दिया है. और ये उम्मीद है प्ले ऑफ़ में पहुंचने की है. ,1
IPL: गेंदबाज़ों की दबंगई ने यूं बिगाड़ा KKR का खेल,यह बल्ले और गेंद की वैसे लड़ाई थी जिसमें बहुत कम समय के लिए बल्ला गेंद पर हावी था. गेंदबाज़ अपनी गेंद से इस कदर इस मैच में हावी थे कि बल्लेबाज़ों को पिच पर ख़ड़े रह कर रन जोड़ने में भी एड़ी चोटी का जोर लगाना पड़ रहा था.,1
"6 गेंदों पर विलेन से बने हीरो, छीन लिया मैच, क्या ये वही सम्स हैं?","शुक्रवार को मुंबई और गुजरात के बीच मैच में सब कुछ उसी अंदाज में चल रहा था जैसा कि आईपीएल के एक मैच में अमूमन चला करता है, लेकिन अचानक कुछ ऐसा हुआ कि सब कुछ थम गया और निगाहें मैदान में उस शख़्स पर टिक गईं जो आज से ठीक एक महीने पहले अपने ओवर के लिए विलेन बन गया था.",1
उमरान मलिक ने IPL में रफ़्तार का बनाया रिकॉर्ड पर चूक कहाँ हुई,इस आईपीएल में लगातार 150 किलोमीटर की रफ़्तार से गेंद डालने के लिए सबकी जुबान पर बस एक ही नाम है- उमरान मलिक.,1
धोनी मैच हारने के बाद प्लेऑफ की उम्मीद मुश्किल होने पर बोले,चार बार की चैंपियन चेन्नई सुपर किंग्स के आईपीएल के 15वें संस्करण के प्लेऑफ़ में पहुँचना मुश्किल हो गया है. ,1
"पायलट हुआ बेहोश, अप्रशिक्षित पैसेंजर ने विमान लैंड कराया, पर कैसे",अमेरिका में एक अजीबोग़रीब घटना हुई है. वहां की मीडिया फ़्लोरिडा में फ़्लाइट के उस पैसेंजर की तलाश कर रही है जिसने पायलट के बेहोश होने के बाद विमान को सुरक्षित लैंड करा दिया.,1
"F1 से F12 तक, कम्प्यूटर कीबोर्ड के शॉर्टकट्स के बारे में जान लीजिए, आसान हो जाएगा आपका काम","आपके कंप्यूटर के की-बोर्ड के सबसे ऊपरी बटनों पर नजर दौड़ाएं. वहां F सीरीज के बटन मिलेंगे. जैसे F1, F2 … ऐसे 12 बटन हैं. ",1
बेडशीट अगर आप इतने दिनों में बदलते हैं तो हो जाएं सावधान,किसी को अपनी बेडशीट कितने दिनों पर बदलनी या धोनी चाहिए? इस सवाल को कई लोग बचकाना मान सकते हैं. कई लोग यह भी कह सकते हैं कि इस विषय पर सार्वजनिक रूप से चर्चा नहीं होनी चाहिए. ,1
पृथ्वी से ग़ायब एक बड़े कालखंड की वजह ढूंढने में नाकामी क्यों?,"पृथ्वी की सतह पर पड़ी चट्टान एक किताब की तरह होती है, जो आपको अपनी पूरी कहानी बता देती है. ",1
"Surya Grahan 2022 : साल का पहला सूर्य ग्रहण, जानिए कहां दिखेगा असर",साल का पहला सूर्य ग्रहण शनिवार की देर रात में होगा. रात में होने के कारण ये भारत में नज़र नहीं आएगा.,1
कोरोना वायरस के सभी वैरिएंट के लिए क्या एक वैक्सीन संभव है? - दुनिया जहान,तारीख़ थी 24 नवंबर 2021. दक्षिण अफ़्रीका के वैज्ञानिकों ने सार्स CoV2 के एक नए और 'परेशान करने वाले' वैरिएंट के बारे में विश्व स्वास्थ्य संगठन से जानकारी साझा की. ,1
एलन मस्क ने ट्विटर को ख़रीदने के लिए की 44 अरब डॉलर की डील,दुनिया के सबसे अमीर शख़्स एलन मस्क ने ट्विटर को 44 अरब डॉलर में खरीदने का ऑफ़र दिया है जिसे कंपनी ने स्वीकार कर लिया है. ,1
दिन में आख़िर आपको कितनी बार खाना खाना चाहिए,आमतौर पर हम एक दिन में तीन वक़्त खाना खाते हैं- जीवन जीने का नया तरीका खाना खाने के इस पैटर्न पर काम करता है. हमें कहा जाता है कि सुबह का नाश्ता दिन का सबसे अहम खाना होता है. दफ़्तरों में हमें खाने के लिए काम से ब्रेक दिया जाता है. इसके बाद हमारी पारिवारिक और समाजिक ज़िंदगी रात के खाने के इर्द-गिर्द घूमती है. लेकिन क्या ये खाना खाने का सबसे स्वस्थ और उचित तरीका है. ,1
दुनिया की पहली इलेक्ट्रिक कार का सपना कैसे टूट गया था,इलेक्ट्रिक कारें जो आज बाज़ार में अपनी खास जगह बना चुकी हैं उन्होंने अपनी शुरुआत में ही दम तोड़ दिया था. ,1
जब मंटो ने 'तमन्ना' की जगह 'आशा' लिखने से इनकार कर दिया,"मंटो ने एक बार अपने बारे में लिखा था, 'वो इस लिहाज से ज़्यादा पढ़ा-लिखा नहीं है कि उसने कभी मार्क्स को पढ़ा नहीं है, न ही उसकी नज़र फ़्रायड के किसी काम पर गई है. हीगल का उसने नाम भर सुना है, लेकिन सबसे दिलचस्प चीज़ ये है कि लोग, ख़ास तौर से उसके आलोचक ये एलान करते हुए नहीं थकते कि वो इन सब विचारकों से प्रभावित दिखाई देता है. जहाँ तक मैं जानता हूँ उस पर किसी विचारक का असर नहीं हो सकता.' ",1
आशरीन सुलताना राजू के लिए पल्लवी बनी थीं लेकिन अब राजू ही नहीं रहे,"""मैं अपने भाई से मिलना चाहती हूँ. मैं राजू के बिना ज़िंदा नहीं रहना चाहती हूँ. लेकिन मैं अपने भाई से बहुत नाराज़ हूँ और सिर्फ़ यही एक कारण है कि मैं जिंदा हूँ. जिस तरह से उसने राजू को...मेरे पति को मारा, मैं भी उसको उसी तरह मारना चाहती हूँ. उसे भी मेरा दर्द महसूस होना चाहिए...""",1
पंडित शिवकुमार शर्माः जिन्होंने घाटी के वाद्य को घर-घर पहुँचाया, करीब 12 साल पुरानी बात है. पंडित शिवकुमार शर्मा का दिल्ली यूनिवर्सिटी में एक कार्यक्रम था. अच्छी तादाद में छात्र उन्हें सुनने आए थे. ,1
"भरत पारेख ऐसे LIC एजेंट, जिनके लिए श्मशान घाट बने सबसे ज़्यादा मददगार",भरत पारेख दशकों तक हर रोज़ जीवन बीमा की पॉलिसी बेचने के लिए नागपुर के अख़बारों में छपने वाली मौत की सूचनाओं और श्मशान घाटों को खंगालते हैं. ,1
कुणाल कामरा को पीएम मोदी का 'महँगाई डायन' वाला वीडियो क्यों पड़ा महँगा? #Social,"''भारत तेरी आराधना करेंगे. तेरी जन्म जन्म हम अर्चना करेंगे. महिमा महान तू है. करुणा निधान तू है. तू प्राण है हमारी. जननी समान तू है. तेरे लिए जिएंगे, तेरे लिए मरेंगे.''",1
"प्रमोद महाजन की हत्या, क्या हुआ था उस दिन और एक अनसुलझा सवाल",तारीख़ - 3 मई 2006,1
"यूएई की रूस से बढ़ती नज़दीकी, अमेरिका से दूरी और पर्दे के पीछे से शेख मंसूर बिन ज़ायेद का रोल",संयुक्त अरब अमीरात के बाहर शेख मंसूर बिन ज़ायेद अल नाहयान को इंग्लिश फुटबॉल क्लब मैनचेस्टर सिटी के मालिक के रूप में जाना जाता है. ,1
CIA: नंद मूलचंदानी को जिस अमेरिकी खुफिया एजेंसी ने बनाया अधिकारी वो कैसे काम करती है?,अमेरिकी खुफिया एजेंसी सीआईए के निदेशक विलियम जे बर्न्स ने भारतीय मूल के नंद मूलचंदानी को एजेंसी का पहला चीफ़ टेक्नोलॉजी ऑफ़िसर नियुक्त किया है.,1
शाह फ़ैसल इस्तीफ़ा देने के बाद एक बार फिर आईएएस कैसे बन रहे हैं?,जम्मू-कश्मीर के पहले यूपीएससी टॉपर शाह फ़ैसल राजनीति में हाथ आज़माने के बाद एक बार फिर आईएएस के रूप में नौकरी ज्वॉइन करने जा रहे हैं. ,1
हरा सोना: इस पौधे पर क्यों है पाकिस्तानी किसानों की नज़र,"पाकिस्तानी के क़बीलाई ज़िले लोअर औरकज़ई के जहांगीर जानाना (30 साल) और उस इलाक़े के दूसरे किसान बारिश के होने और सरकार से भांग की खेती को क़ानूनी मंज़ूरी मिलने का इंतज़ार कर रहे हैं. किसानों के अनुसार, उन्हें अगले कुछ दिनों में बारिश होने की उम्मीद तो है, पर सरकार के फ़ैसले को लेकर कुछ नहीं पता.",1
बंदर ले गए सारे सबूत- हत्या के मुक़दमे में अदालत से कहा राजस्थान पुलिस ने,राजस्थान पुलिस ने जयपुर की एक निचली अदालत को हत्या के एक मुक़दमे में बताया है कि हत्या का हथियार (चाकू) समेत सभी सबूत बंदर ले गए हैं.  ,1
"मध्य प्रदेश: तीन शादियाँ साथ, बिजली गई और बदल गईं दुल्हनें",मध्य प्रदेश में बिजली संकट की वजह से शादी में दुल्हनों की अदला-बदली का मामला सामने आया है. हालांकि जल्द ही इस बात का पता चल गया और उसके बाद सही दुल्हनों के साथ दूल्हों ने फेरे लिए. ,1
कार्टून: पूछ लीजिए सवाल,"(बीबीसी हिन्दी के एंड्रॉएड ऐप के लिए आप यहां क्लिक कर सकते हैं. आप हमें फ़ेसबुक, ट्विटर, इंस्टाग्राम और यूट्यूब पर फ़ॉलो भी कर सकते हैं.)",1
चीनी नागरिकों की आत्मघाती हमले में जान लेने वाली शारी बलोच के घर वाले क्या बोले- ग्राउंड रिपोर्ट,"पाकिस्तान में बलूचिस्तान प्रांत के प्रमुख शहर तुर्बत से कुछ ही किलोमीटर की दूरी पर स्थित कलातक ही वह शहर है, जहाँ कराची में आत्मघाती हमला करने वाली शारी बलोच अपनी शादी के बाद 10 साल पहले शिफ़्ट हुई थीं.",1
सीरिया के असद परिवार को मालामाल बना रही है यह गोली,"अरब दुनिया में एक पुरानी ड्रग फिर सामने आ गई है. इसका नाम है, कैप्टागॉन",1
चीन के शंघाई पोर्ट पर ट्रैफिक जाम लगने से दुनिया भर में क्या-क्या हो सकता है महंगा,चीन में कोरोना संक्रमण के नए मामले बढ़ने के बाद दर्जनों शहरों में पूरी तरह लॉकडाउन लगा है.,1
कार्टून: सब आंकड़े हैं,कार्टून: वो वाले गांधी,1
दिल्ली में 'ऑपरेशन बुलडोज़र' का क्या चुनावी कनेक्शन है?,"दिल्ली की जहांगीरपुरी में अवैध अतिक्रमण हटाने के लिए आज सुबह बुलडोज़र पहुँचा. लेकिन क्यों, कहाँ और कैसे ये जानने के लिए इस घटना की क्रोनोलॉजी समझने की ज़रूरत है.",1
क़ुतुब मीनार क्या हिंदू मंदिरों को तोड़कर बनी थी?,"वाराणसी की ज्ञानवापी मस्जिद, आगरा के ताजमहल के बाद अब दिल्ली की क़ुतुब मीनार को लेकर भी विवाद छिड़ गया है. क़ुतुब मीनार के पास मंगलवार को हिंदू संगठनों ने विरोध प्रदर्शन किया. उन्होंने क़ुतुब मीनार का नाम बदलकर विष्णु स्तंभ करने की मांग की. ",1
महात्मा गांधी को 'राजनीति में बच्चा' कहने वाली ब्रितानी महिला कौन थीं?,"भारत के स्वतंत्रता आंदोलन में पुरुषों के साथ-साथ कई महिलाओं ने बढ़-चढ़कर हिस्सा लिया था. इन तमाम महिलाओं में तीन ऐसी ब्रितानी महिलाएं भी शामिल हैं, जिन्होंने अपने मुल्क की सरकार के ख़िलाफ़ जाकर भारत की आज़ादी के लिए संघर्ष किया. ",1
रवींद्रनाथ टैगोर ने क्या जॉर्ज पंचम के सम्मान में लिखा था ‘जन गण मन...’: विवेचना,"दुनिया में रवींद्रनाथ टैगोर अकेले कवि हैं, जिन्होंने दो देशों के राष्ट्रगान लिखे हैं, भारत का 'जन गण मन' और बांग्लादेश का 'आमार सोनार बांग्ला.' वहीं श्रीलंका के राष्ट्रगान पर भी उनकी छाप दिखाई देती है. ",1
तानसेन की क़ब्र पर उगे बेरी के पत्ते खाने से सुरीली आवाज़ होने की कहानी,"यह बात मशहूर है कि भारत में एक संगीतकार ऐसे भी रहे हैं, जिनके मरने के बाद उनकी क़ब्र पर बेरी का एक पौधा उग आया, जो बाद में विशाल पेड़ बन गया. ",1
"युद्ध में बमबारी कितनी कारगर होती है, क्या है बमों का इतिहास",बम शब्द सुनते ही तबाही का मंजर सामने आ जाता है. लेकिन ये कोई नई ईजाद नहीं है. दुनिया में बम 11वीं सदी से ही मौजूद हैं. ,1
हिटलर के क़रीबी गोएबेल्स दंपति ने जब अपने छह बच्चों को मारकर की आत्महत्या,हिटलर की मौत की ख़बर उनके देशवासियों को उनकी मौत के एक दिन बाद 1 मई की रात 10 बजकर 26 मिनट पर दी गई थी. ख़बर में बताया गया कि हिटलर  आज दोपहर राइक चाँसलरी में सोवियत सैनिकों से लड़ते हुए मारे गए. उन्होंने अपनी अंतिम साँस तक सोवियत सैनिकों का मुकाबला किया. ,1
पाकिस्तान में कॉमेडी के 'आइंस्टीन' कहे जाने वाले मोईन अख़्तर जो यूपी के मुरादाबाद में पैदा हुए थे,यह 1960 का दशक था जब कराची में रहने वाला दुबला-पतला और शरारती लड़का अमरीकी राष्ट्रपति जॉन एफ कैनेडी और एंथोनी क्विन की नकल उतार कर दोस्तों यारों से वाहवाही लूटता था.,1
क्या औरंगज़ेब वाकई हिंदुओं से नफ़रत करते थे?,सिखों के नौवें गुरु तेग बहादुर के 400वें प्रकाश पर्व के मौके पर प्रधानमंत्री नरेंद्र मोदी ने 21 अप्रैल को लाल किले से देश को संबोधित किया. उन्होंने गुरु तेग बहादुर के बलिदान का जिक्र करते हुए कहा कि गुरुद्वारा शीशगंज साहिब हमें याद दिलाता है कि हमारी महान संस्कृति की रक्षा के लिए गुरु तेगबहादुर जी का बलिदान कितना बड़ा था. ,1
गुरु तेग बहादुर कौन थे और उन्हें 'हिंद दी चादर' क्यों कहा जाता है,21 अप्रैल को प्रधानमंत्री नरेंद्र मोदी दिल्ली के लाल किले से देश को संबोधित करेंगे. ,1
साईखोम मी​राबाई चनू ने जीता बीबीसी इंडियन स्पोर्ट्सवुमन ऑफ़ द ईयर अवॉर्ड,भारतीय वेटलिफ़्टर साईखोम मीराबाई चनू को 'बीबीसी इंडियन स्पोर्ट्सवुमन ऑफ़ द ईयर (ISWOTY)' के तीसरे संस्करण का विजेता घोषित किया गया है. ,1
BBC ISWOTY अवॉर्ड 2021: विजेता के नाम का एलान आज,इंतज़ार की घड़ियां आख़िरकार अब ख़त्म होने जा रही है. आज यानी सोमवार की शाम हमारे प्रशंसकों को बीबीसी इंडियन स्पोर्ट्सवुमन ऑफ़ द ईयर अवार्ड 2021 के विजेता का पता चल जाएगा.,1
बीबीसी को WAN-IFRA साउथ एशिया डिजिटल मीडिया अवॉर्ड्स में मिले 4 पुरस्कार,बीबीसी को WAN-IFRA साउथ एशिया डिजिटल मीडिया अवॉर्ड्स में चार पुरस्कार मिले हैं. इनमें बीबीसी को 1 रजत और तीन कांस्य पुरस्कार मिले हैं. ,1
BBC 100 वीमेन 2021: कौन-कौन महिलाएं शामिल हैं, बीबीसी ने साल 2021 के सबसे प्रेरक और प्रभावशाली 100 महिलाओं की सूची जारी कर दी है. ,1
कोनेरू हम्पी ने जीता बीबीसी इंडियन स्पोर्ट्सवुमन अवॉर्ड,इंतज़ार की घड़ियां ख़त्म हुईं. बीबीसी इंडियन स्पोर्ट्सवुमन ऑफ़ द ईयर अवॉर्ड (BBC ISWOTY) के दूसरे संस्करण की विजेता शतरंज खिलाड़ी इंटरनेशनल ग्रैंड मास्टर कोनेरू हम्पी बनी हैं. पब्लिक वोटिंग के आधार पर उन्हें विजेता घोषित किया गया है.,1
क्या भारत में लोग कम बच्चे पैदा कर रहे हैं?,''मैंने सिर्फ़ एक बच्चा रखने का फै़सला इसलिए किया क्योंकि हमारे आर्थिक हालात ऐसे नहीं हैं कि मैं दूसरा बच्चा पैदा कर पाती.'',1
पुतिन यूक्रेन में युद्ध हार रहे हैं या जीत की ओर बढ़ रहे हैं,"रूस की विजय दिवस परेड में जो कुछ भी दिखाया जाए, ये यूक्रेन पर किसी तरह की जीत तो नहीं ही होगी, भले ही राष्ट्रपति पुतिन और रूस का सत्ता प्रतिष्ठान इसे जो भी रंग देने की कोशिश करें. ",1
"पेट्रोल, डीज़ल और खाने के तेल के बाद आटे की बारी, कौन जिम्मेदार",एक साल पहले भारत के ख़ुदरा बाज़ार में आटे की औसत कीमत 2880 रुपये प्रति क्विंटल थी. आज ये बढ़कर 3291 रुपये प्रति क्विंटल हो गई है. ,1
जोधपुर: मूर्ति और झंडे को लेकर हुए हंगामे ने कैसे बदल दी शहर की सूरत: ग्राउंड रिपोर्ट,1992 में जब देश के तमाम क्षेत्रों में सांप्रदायिक हिंसा फैल गई थी तब भी जोधपुर के लोगों के बीच ऐसा कुछ नहीं हुआ. नीली दीवारों और संकरी गलियों वाले जोधपुर शहर ने दो धर्मों के बीच विवाद कभी देखा ही नहीं. ,1
मुसलमानों में सबसे ज़्यादा घटी प्रजनन दर फिर भी औसत से अधिक- प्रेस रिव्यू,देश के सभी समुदायों के महिलाओं की कुल प्रजनन दर (टीएफआर) में पिछले कुछ सालों में कमी दर्ज की गई है. राष्ट्रीय परिवार स्वास्थ्य सर्वेक्षण (एनएफएचएस-5) के पांचवें चरण की रिपोर्ट से यह बात पता चली है. ,1
"पुतिन की ‘गर्लफ़्रेंड’ अलीना कबाएवा कौन हैं, जिन्हें कहा जाता है 'रूस की 'सीक्रेट फ़र्स्ट लेडी'",यूक्रेन पर हमले के चलते रूस पर पहले ही कई अप्रत्याशित प्रतिबंध लगाए जा चुके हैं. और अब यूरोपीय यूनियन रूस के राष्ट्रपति व्लादिमीर पुतिन की 'गर्लफ़्रेंड' और उनके कुछ बच्चों की मां कही जाने वाली अलीना कबाएवा को भी निशाना बना सकता है. ,1
"हैदराबाद: हिन्दू-मुस्लिम विवाह, दलित लड़के की सरेराह हत्या","''अपने भाई के सामने मैं गिड़गिड़ाती रही, मगर मेरा भाई रॉड से और दूसरा आदमी चाकू से मेरे पति नागराजू पर लगातार वार करते रहे. मेरे पति को कोई नहीं बचा पाया. हमने प्रेम विवाह किया था."" ",1
"झारखंड की एक ख़ास प्रथा, जहां लिव-इन के बाद होती है शादी","खूंटी जिले के डुमरदगा गांव की फूलमनी टूटी 46 साल की हैं. साल 1998 में जब उनकी पहली शादी हुई, तो वे सिर्फ 22 साल की थीं. इसके महज सात साल बाद उनके पति की मौत हो गई. तब तक उन्हें दो बच्चे हो चुके थे और तीसरा पेट में था. वे गर्भवती थीं. ",1
महाराष्ट्र का सोंडेघर गांव: दंगा रोकने के लिए हिंदू-मुसलमानों ने किया 100 साल का समझौता,सोंडेघर गांव में लगा ये बोर्ड रास्ते से गुजर रहे लोगों का ध्यान अपनी ओर खींच रहा है. ,1
